0 , 14427.719262059429,9911.04036029846,11381.766117092384,13795.133897912072,14445.50212896061
1 , 14427.71926206295,10247.982251682928,10111.852844762803,13483.172364728396,14356.503238775975
2 , 14427.719262066576,10879.651881061183,11105.617787983396,13121.073083973986,14271.056544385907
3 , 14427.71926206808,10227.085518629116,10105.101977233702,12767.8616520621,14219.426725953832
4 , 14427.719262069584,10166.529903155602,10942.514207855762,12460.977986385058,14188.012443513071
5 , 14427.71926207282,10477.74423189569,10724.597108822532,12203.346025488941,14163.519595119405
6 , 14427.719262075929,11920.469593765987,10426.40552208289,11982.632437103599,14141.347737967544
7 , 14427.719262079276,11061.897573459477,10903.508094889205,11795.861643569333,14120.433543609957
8 , 14427.719262081715,9936.46047401605,10308.7104288612,11594.614261919702,14100.698405635692
9 , 14427.71926208458,10778.785820813495,11485.052153836115,11389.151817461894,14083.128121473537
10 , 14427.719262087501,12348.267425405773,9746.65923215949,11145.561105499068,14068.444337683377
11 , 14427.719262090312,9819.666035921133,9539.9071367011,10954.35862044652,14056.071166667387
12 , 14427.719262094137,11220.267354612331,9376.490650803204,10835.390958671174,14044.950021621094
13 , 14427.719262094131,11184.05318101836,10266.62399661459,10684.546957606246,14034.321864366064
14 , 14427.719262096978,10725.331623937966,12562.964465852512,10602.507442181599,14023.752423493537
15 , 14427.719262100787,12852.925716732203,11000.454283360024,10517.361018161453,14013.075105187516
16 , 14427.719262103416,11086.634368267058,10796.620040391927,10488.553243535855,14002.101600159296
17 , 14427.71926210624,11060.379862621287,9742.529595961127,10470.416148375,13990.699407251002
18 , 14427.719262109373,10534.651974135397,10908.623640589063,10504.488244080498,13978.823703208513
19 , 14427.719262109767,12276.02900201357,11466.01949796665,10403.551251622204,13966.439734994494
20 , 14427.719262112698,10988.647761366594,10016.848755927851,10240.28922738167,13953.481895117156
21 , 14427.719262117293,10849.55852226347,10040.36762995285,10267.386264878402,13940.017462100832
22 , 14427.719262117993,10370.989198006264,10189.177069585967,10506.688760922276,13925.855767435522
23 , 14427.719262123472,12847.85462354777,11585.75161229804,10378.459405991767,13911.027657831468
24 , 14427.719262125316,14158.315982832968,10577.35733328107,10296.497478503561,13895.486955733728
25 , 14427.719262129389,14426.960551328826,9800.39523716253,10588.59361493527,13879.014142085067
26 , 14427.719262131606,14425.1099986927,10256.75600358207,10304.357561126102,13861.614310798415
27 , 14427.719262133753,13449.792539973745,11298.190856581381,10248.745001615855,13843.15892158841
28 , 14427.719262135346,14399.443228012473,9271.038169772746,10296.086704607167,13823.602299386948
29 , 14427.719262141167,14428.42802846229,11015.706850167018,10281.601608583494,13802.817609582822
30 , 14427.719262141869,14428.444701893794,10084.840486804287,10350.454127138213,13780.811022361862
31 , 14427.719262147437,14428.467080818169,10178.071534187184,10278.921108852552,13757.358311118114
32 , 14427.719262152796,14428.499745308101,10104.061129344822,10258.755311799277,13732.398258231067
33 , 14427.719262154846,14428.566622641258,10174.921528181001,10350.588130592298,13706.191188345621
34 , 14427.719262156044,14428.425623308041,11039.013794295284,10189.823267383894,13678.67862911901
35 , 14427.719262161892,14428.442302581536,10552.248541624045,10304.985105902384,13650.059181067436
36 , 14427.719262166765,14428.463082433562,11052.324812988803,10279.40603097004,13620.220260920816
37 , 14427.719262169285,14428.488679063053,10394.424984554853,10249.795888946372,13589.370882704612
38 , 14427.719262170724,14428.519992095169,9853.577105705555,10420.509677644013,13557.909618937401
39 , 14427.719262177427,14428.5585954074,10277.836188117168,10253.231630278931,13525.612473617837
40 , 14427.71926217833,14428.606489808308,10588.581660242142,10734.624408088781,13492.797297137755
41 , 14427.719262183824,14428.66765242885,11973.702122401006,10565.551533210331,13459.496394120677
42 , 14427.719262186629,14428.747074969066,10363.01524890653,10385.8035033092,13425.4142337797
43 , 14427.719262189737,14428.853331839242,10583.530191682656,10435.209818004174,13391.479240817198
44 , 14427.719262191857,14429.00485956757,9708.67930402471,10499.777053659605,13357.19236131793
45 , 14427.719262194074,14429.231147569099,10598.63569245282,10241.29525013699,13322.227280579
46 , 14427.719262201492,14429.620096012222,11134.384481961708,10100.551859731775,13287.19283167595
47 , 14427.719262206256,14430.423160735245,9860.034983903726,10224.39538881878,13252.075968217336
48 , 14427.719262216937,14433.118443673688,10265.6024994294,10312.982297083186,13216.265247420859
49 , 14427.719262205343,13275.465864246193,10381.782514691316,10308.240410856884,13180.101727866211
50 , 14427.71926221665,13025.969219218574,10714.837836123139,10361.341000827008,13143.739271832723
51 , 14427.719262213037,12098.689549973287,9968.746087208874,10389.806105651589,13106.996408092291
52 , 14427.719262211906,14427.845061004655,9313.271924432396,9913.806402556162,13069.775783625057
53 , 14427.719262216297,14427.844397919795,10215.97371532678,10182.104320074757,13032.085336161927
54 , 14427.719262221215,14427.84379455523,10282.342520447577,9814.254203942915,12994.029406931724
55 , 14427.71926222377,14427.843055239422,9620.258019031999,10256.143615136149,12954.972999368105
56 , 14427.71926223379,14427.842241877046,10265.280873976639,9831.141392950234,12915.243241472432
57 , 14427.719262231409,14427.841520802911,10916.723856029004,9729.22633741147,12874.563210365939
58 , 14427.719262234314,14427.840867656236,9805.982599915664,9931.379556334903,12832.512957935785
59 , 14427.719262247358,14427.840269719381,10965.366341379713,10108.949214228256,12789.163617927992
60 , 14427.71926224653,14427.839767650872,10258.205392595713,9918.785346438817,12744.064595532222
61 , 14427.719262255629,14427.838984964796,10186.28874453242,9998.004264228366,12697.494940875513
62 , 14427.71926226037,14427.838444332274,10532.448561755342,9513.427077226577,12649.96172051978
63 , 14427.719262257871,14427.837907153684,9579.61827863186,9644.480117811041,12601.641887118616
64 , 14427.719262259832,14427.837395974968,10854.187165059435,9715.29052069372,12554.361326731072
65 , 14427.719262271472,14427.83668915525,11560.455088087125,10201.166493812576,12509.15042492106
66 , 14427.719262270866,14427.83624324119,11018.021269642837,9902.430133143678,12467.460208487595
67 , 14427.719262273808,14427.835845114667,11588.114225312655,10070.351221282493,12429.891969624716
68 , 14427.719262284212,14427.835281694142,11915.852022583229,9507.82720554195,12395.801009002425
69 , 14427.719262276249,14427.834750120024,9803.53909859843,9474.392016672899,12364.836422461736
70 , 14427.719262287776,14427.834288827962,9424.91379174627,9719.031965359249,12336.280828202918
71 , 14427.719262281767,14427.833930495866,10543.70897029269,9451.301863085788,12309.37854447181
72 , 14427.719262292425,14427.833465529533,10413.319242928272,10210.142927134448,12283.559507955064
73 , 14427.719262289282,14427.83311723788,10205.983475650335,9367.070648472507,12258.048234479145
74 , 14427.719262295517,14427.832798817011,9795.713970116767,9034.30520019424,12232.163065755209
75 , 14427.719262303252,14427.832403144923,9419.655101260645,9604.742309620038,12206.361591776968
76 , 14427.719262308054,14427.832237304041,9917.123809954679,9180.587902923473,12180.343851030264
77 , 14427.71926231075,14427.83209176988,10116.10500238415,9008.829313763137,12154.020219198466
78 , 14427.719262317336,14427.831631131365,11343.515745919993,9051.367525829182,12127.596870352525
79 , 14427.719262326817,14427.831650719456,9629.29544336544,9144.24148838512,12100.992846668147
80 , 14427.719262313503,14427.83164429768,9742.902881955395,8798.205219094654,12073.527873379762
81 , 14427.719262331777,14427.831676352267,9400.353748505604,9566.205373434645,12045.25892260502
82 , 14427.719262330156,14427.831889177813,10164.464916127265,8879.403355914223,12016.327989626032
83 , 14427.719262334187,14427.832030748741,10476.724857077656,9890.130263168663,11987.382223873703
84 , 14427.719262342625,14427.832640671457,9194.944093563983,9619.904483001752,11959.90902831985
85 , 14427.719262344266,14427.833353985756,10123.50510961521,9958.349284453854,11931.69547706239
86 , 14427.71926234668,14427.83469266343,10840.697127266745,9443.972425481783,11904.948510139702
87 , 14427.71926235956,14427.836548666352,9199.302726933183,9382.74180232562,11875.67728328062
88 , 14427.719262352672,14427.83978324826,9702.844303924818,9595.929047651034,11848.390265901013
89 , 14427.719262357525,14427.845799421144,10010.52924638124,9237.747889516124,11820.456457364933
90 , 14427.719262371389,14427.860347211417,9978.393003792045,9782.912551688663,11794.273762494955
91 , 14427.719262378578,14427.921426915,10668.566257537588,8887.845269795856,11769.150575868656
92 , 14427.71926237631,14428.983522316736,8168.66875138771,8234.70823544974,11743.089586308444
93 , 14427.719262374181,14427.853136509744,10086.43691954166,9225.594054813693,11718.921255339652
94 , 14427.719262381097,14427.820120197572,11443.761061885754,9335.875242938806,11693.791264936843
95 , 14427.719262393455,14427.81974601149,9594.499120666693,10515.523490780808,11668.798899591728
96 , 14427.719262387243,14427.819316147876,10600.233923354783,8700.200618064866,11645.651411841378
97 , 14427.719262406192,14427.81889333852,9823.252483585145,9625.460153924354,11621.668721418253
98 , 14427.719262373268,14427.818329648231,10775.316858200607,9086.658747540823,11596.040719758117
99 , 14427.719262406365,14427.817987681345,10647.571368247554,8725.088084989628,11572.437154051826
100 , 14427.719262401502,14427.817567540544,10725.216038699096,8358.337530847552,11550.062834913919
101 , 14427.719262409893,14427.817121328859,9530.683661816158,7937.776206910608,11527.411748298355
102 , 14427.71926241079,14427.816716709714,11181.596077743236,9629.670827948039,11502.172605998723
103 , 14427.71926242092,14427.816327545344,9202.922315640099,7983.414861910948,11478.593886115712
104 , 14427.71926241931,14427.815895025617,10314.74967438771,9477.679928850808,11457.535487614585
105 , 14427.719262439427,14427.81570625061,9439.336938796576,8201.27575439106,11431.610269582912
106 , 14427.719262439094,14427.815243800718,10923.12718209728,9305.313222615641,11410.161943035013
107 , 14427.71926242716,14427.814861119994,11254.442350225096,10349.135879859497,11384.925626049098
108 , 14427.719262445635,14427.814389319858,9808.766044390886,8302.919450948857,11363.675090367933
109 , 14427.71926244701,14427.813976288655,9293.410866031129,10577.498676385121,11342.421855736913
110 , 14427.719262465309,14427.813711282062,8708.178516088597,7523.355954832146,11320.47112493902
111 , 14427.719262478558,14427.813350055934,9949.630949371056,8135.383435849702,11296.205970302473
112 , 14427.719262453284,14427.813077329658,11338.615018811653,8604.923856191977,11271.356410950546
113 , 14427.719262454832,14427.812505248812,9734.56932527603,7861.230772095154,11250.31047327896
114 , 14427.719262470455,14427.812251535936,9779.277168544333,8116.985326208371,11225.667254385731
115 , 14427.71926246959,14427.811897539808,9828.714070476768,8755.314794385915,11201.409704072968
116 , 14427.719262484554,14427.811518074861,9021.25187972268,7212.1452541730205,11177.425874430544
117 , 14427.719262490564,14427.811071787542,9512.133935516851,8501.291562280338,11154.617989555558
118 , 14427.719262520879,14427.810708762034,9079.96769733553,7533.34738746442,11130.275510726591
119 , 14427.71926249494,14427.810369802834,9171.694919741547,7276.088874990843,11104.953989343832
120 , 14427.71926249903,14427.81014732742,9731.6169839352,7519.3606688041555,11078.709812921732
121 , 14427.719262521423,14427.763980970612,9336.205691910489,7018.675672621212,11055.542647731056
122 , 14427.719262517901,13651.128702347847,10269.027799195568,10905.812076185885,11032.820147230177
123 , 14427.719262513066,14427.823538294786,8881.806877515648,7220.266281348485,11006.191045894635
124 , 14427.719262518698,14427.82329881725,9344.148495812991,6980.1837519274,10984.842594973774
125 , 14427.719262529623,14427.822945193357,9087.556935582652,7958.7316262994955,10959.969722468484
126 , 14427.719262525497,14427.822725477778,9728.890891127687,8711.939019789252,10938.727558233151
127 , 14427.719262540762,14427.822485473009,9060.258530801962,6776.602454701963,10913.437611705023
128 , 14427.719262526602,14427.82205357353,9417.210426079371,7295.155178145781,10889.460831979657
129 , 14427.719262531577,14427.82162461993,9424.877423505177,7274.080775768909,10869.30422761213
130 , 14427.719262547194,14427.821212805551,10135.037333573744,7252.602238275465,10847.6122090752
131 , 14427.719262542918,14427.82118625702,10028.43756982882,6962.330392658389,10825.759375561533
132 , 14427.719262554874,14427.820968797185,9158.394451086519,6799.092088158286,10804.310119442565
133 , 14427.719262579594,14427.820462959908,11069.694346651937,8426.576608384412,10783.837326268633
134 , 14427.719262566525,14427.820140501613,9649.479347548984,9412.993250336853,10762.67948411329
135 , 14427.71926257727,14427.819868279932,9697.084148217638,7774.605336043218,10748.056934647617
136 , 14427.719262568271,14427.81925752472,10036.260147848234,10428.762224327673,10727.703292736807
137 , 14427.71926255869,14427.818866328995,11147.304645764329,8365.989640057009,10709.545841090425
138 , 14427.719262583863,14427.818291131513,9437.969545932989,9964.225382761744,10691.79959166243
139 , 14427.71926258772,14427.817530715369,9576.413059831164,9223.808765686761,10676.836052400347
140 , 14427.7192626084,14427.816323069912,10186.572721657762,8200.20300172309,10655.910618733305
141 , 14427.719262600034,14427.813942663164,9704.165255348005,11101.569968505797,10638.066313100753
142 , 14427.719262636321,14427.80515482604,10718.333322725635,8001.005619312209,10621.127917928548
143 , 14427.719262591805,14428.156987607039,9557.584214047129,9450.851369273236,10609.698505952958
144 , 14427.719262614066,14428.110455612,10464.588952323054,8276.781012458343,10594.310442411359
145 , 14427.71926263483,14428.087871760934,10633.570691632027,8988.538000935934,10581.608904839954
146 , 14427.719262636441,14428.083094658481,10567.850774215893,9245.85671548118,10571.450014680408
147 , 14427.71926264745,14428.106249600156,10063.929739517585,7686.999475202581,10554.629854860706
148 , 14427.719262636634,14428.191788959462,9566.329824084054,8795.797320162112,10540.992581938663
149 , 14427.719262615172,14427.822129434247,9235.549826349652,11813.633356364211,10530.340969982428
150 , 14427.719262663686,14427.821957101132,9960.14018199295,7863.498648191346,10519.20928219916
151 , 14427.719262626018,14427.821729999752,9350.43669267545,9269.778751716303,10511.003786154875
152 , 14427.719262634579,14427.821591034715,9359.335911482376,8621.931195216206,10498.827251443503
153 , 14427.719262654447,14427.821407736788,9069.454886649693,7110.922950030696,10491.06304600489
154 , 14427.719262668603,14427.821230080754,9675.323909115998,11320.259532608066,10477.009159189578
155 , 14427.71926264836,14427.821203885444,9141.225231265676,7771.580951679002,10467.826826103395
156 , 14427.719262675177,14427.821006698035,9299.7766291739,7032.119784778209,10460.48787921553
157 , 14427.719262674787,14427.820791065995,9169.748825012139,7439.556894824488,10445.98268484422
158 , 14427.719262692477,14427.820697405308,8863.044978110112,9788.779513310568,10436.919600409221
159 , 14427.719262676275,14427.820620461363,9534.576310876755,8738.379106916023,10427.533997882349
160 , 14427.719262733503,14427.820438561524,9460.523682676918,10095.609842301832,10418.753319943711
161 , 14427.719262708739,14427.820226092635,9780.884573782907,7839.842855202218,10419.188644949538
162 , 14427.719262714487,14427.82015436454,9788.907479922595,6562.83519989805,10408.312589006071
163 , 14427.719262716199,14427.819964551914,9169.276325126626,7909.731964968908,10401.728338765053
164 , 14427.719262723864,14427.819805915055,8640.43158413196,7786.84062094918,10390.742952405253
165 , 14427.71926270778,14427.819729465711,9132.904582719162,7857.0406868529635,10384.537941624665
166 , 14427.719262730767,14427.819488199833,9123.457146834582,8326.882759488715,10379.36693638331
167 , 14427.719262758515,14427.819431675387,9039.182764307954,6859.033290677492,10371.9186755354
168 , 14427.719262700703,14427.819295910316,8784.95895848165,6564.785353404919,10365.2864906905
169 , 14427.71926271841,14427.819083928924,8142.0042269047,9089.298473222154,10359.084766079624
170 , 14427.719262736151,14427.818956137358,8302.153249760324,8259.771767534668,10352.630452504965
171 , 14427.719262767489,14427.818984297186,8396.573965344669,8870.245238890548,10344.746504979918
172 , 14427.719262726132,14427.8187128077,10237.588568401618,8373.97955924881,10339.713770941968
173 , 14427.719262749455,14427.818563671086,10045.030749238698,10147.544921626697,10339.68394670619
174 , 14427.71926274407,14427.818533564752,10267.897469262261,6673.98502175261,10331.837472133197
175 , 14427.719262773451,14427.818361389522,9564.091839987672,11109.26039471966,10325.112757337076
176 , 14427.719262730512,14427.818443722228,9323.760372392004,8272.762273439444,10318.351308456828
177 , 14427.719262749722,14427.818103963726,9608.834062407743,7788.370240951504,10312.009999994687
178 , 14427.71926279288,14427.818124033432,8771.452126250473,7762.240935913805,10305.088059080985
179 , 14427.71926279358,14427.817969760548,10271.447826051575,8529.258612640208,10299.585304572738
180 , 14427.719262809685,14427.817887080906,10623.273209785913,6639.823919238676,10293.032432859405
181 , 14427.719262790588,14427.81760602681,9799.739746909447,6533.468183371777,10285.169808921288
182 , 14427.719262777038,14427.817317001281,9893.87068336656,7435.673365296158,10278.617819656285
183 , 14427.719262769815,14427.817347442133,10049.046253968963,7294.402235136383,10264.452899681322
184 , 14427.719262824097,14427.817140150024,9564.22911466641,8280.777149881586,10259.571376144304
185 , 14427.719262821798,14427.817397087074,8773.234560869894,6794.903700452919,10255.449379764044
186 , 14427.719262830944,14427.816982823093,9985.465963857156,6954.361076120628,10248.901887610085
187 , 14427.719262774875,14427.816905502774,10762.387359066526,7333.060842952577,10237.656754009313
188 , 14427.71926282215,14427.81672731335,9607.129951092336,6860.111937715086,10230.074890088674
189 , 14427.719262803636,14427.816748095542,10610.200683248564,7989.788134263131,10224.584912762863
190 , 14427.719262853958,14427.816580273644,10637.046497826084,5777.034856138157,10217.05672110331
191 , 14427.719262829167,14427.816495812973,8369.986276249616,7074.669576111185,10208.929992729167
192 , 14427.719262807443,14427.816379873151,10541.163970125295,6431.433178271899,10204.195220414329
193 , 14427.719262831488,14427.81606012339,9676.478406690605,5697.822672634304,10199.050628235651
194 , 14427.719262867158,14427.81570212112,10604.697594189278,6608.62341416042,10190.966431588024
195 , 14427.719262862345,14427.815361963376,9351.595705714424,8595.648853065477,10183.177322221816
196 , 14427.719262801142,14427.814693552276,9585.668980851726,7696.21264090724,10183.268576215592
197 , 14427.719262810722,14427.812525859932,9271.174875469249,7522.41897979945,10181.10828280634
198 , 14427.719262857268,14427.975244183703,9655.653435015794,5805.7974854429185,10173.667951395091
199 , 14427.719262853348,14427.977741064422,9992.695000872289,7326.719370482986,10168.069389785076
200 , 14427.719262818388,14427.980120972454,9510.575070787163,6977.317936711331,10162.38663347071
201 , 14427.71926286827,14427.983015891687,9924.170603309352,6523.703399533688,10159.100197411579
202 , 14427.719262803379,14427.985401033819,9290.048635211944,5889.934020450193,10154.741321160102
203 , 14427.719262878307,14427.988398660114,9972.928558546259,12502.052173786527,10154.446756952259
204 , 14427.719262901546,14427.991451146334,8849.574539694942,6493.567398777649,10146.763553107434
205 , 14427.719262886749,14427.994469662453,9635.764520550329,6948.518093753456,10148.368559484014
206 , 14427.719262810022,14427.997726923568,8834.383430583763,6051.426760703805,10139.689513606525
207 , 14427.719262843266,14428.000762871467,9089.382817702493,6891.093566336127,10139.601227662588
208 , 14427.719262852928,14428.004221214442,8674.38701340354,7123.245111213556,10137.928483657932
209 , 14427.719262841036,14428.007813349386,9181.493262978078,6509.198877759299,10131.158366903685
210 , 14427.7192628285,14428.011410642861,8661.03035011959,8167.477101293215,10133.154840160885
211 , 14427.719262869134,14428.015089349055,8793.744907978931,6178.430867773854,10127.4951394101
212 , 14427.719262830795,14428.019206255354,9336.043467745472,6822.739940047402,10126.409574979087
213 , 14427.71926285259,14428.02312944125,9494.727017085668,8397.41589819532,10117.481634364443
214 , 14427.719262785264,14428.027530575931,8200.53611711138,7337.507539693226,10118.125315669991
215 , 14427.719262808272,14428.03183253026,9841.799653984044,6365.043783027021,10110.477355153205
216 , 14427.719262866514,14428.03631024247,8910.874933654262,8725.093164013591,10105.249191574074
217 , 14427.719262776092,14428.041067727196,8948.633918487783,7454.306882740581,10099.975838685927
218 , 14427.719262787792,14428.045951496588,9398.584702698108,6835.249787061839,10097.902976635874
219 , 14427.71926282984,14428.051297659586,8855.188521129387,6467.407698442194,10092.704576155034
220 , 14427.719262786544,14428.05665768355,8974.407004772727,6135.780888400644,10106.452131752107
221 , 14427.719262818615,14428.062076791974,9296.860979687124,5654.2133770501605,10086.992581980563
222 , 14427.719262837154,14428.06827565524,9055.4746023374,7698.900122507734,10080.40799879614
223 , 14427.719262763676,14428.074350137575,9606.093171650306,7183.2067209430115,10089.79692374007
224 , 14427.719262736078,14428.080951132617,9322.335141161862,5525.426187523997,10074.845309121254
225 , 14427.719262775743,14428.087648436935,9267.73467767952,7292.242686768208,10073.228669968737
226 , 14427.719262715775,14428.094839536567,9143.05756531789,5977.005379357728,10072.209607980463
227 , 14427.719262771232,14428.102495377761,8836.67808764954,5550.906777572096,10078.147479967016
228 , 14427.719262724535,14428.110294410959,8491.373650795014,6465.838933801382,10071.913589830603
229 , 14427.719262794466,14428.118594714006,8540.024638995113,7928.049528224917,10071.566814283648
230 , 14427.719262612953,14428.12737330704,10222.480927383403,6219.2656691940965,10068.001669996473
231 , 14427.719262696412,14428.13677054208,8989.258872984861,8276.10603003007,10065.092865574925
232 , 14427.719262694534,14428.146514757422,9069.238710498395,8033.263900933796,10067.905252153516
233 , 14427.719262579169,14428.15702940514,9278.571987973039,8365.708627146447,10063.299835899894
234 , 14427.719262688033,14428.16827578659,9571.035785689292,5635.361641953237,10059.190959353711
235 , 14427.71926261205,14428.180098863093,9655.62088280599,11217.909016498552,10044.832991670704
236 , 14427.719262574043,14428.192630754316,8851.525939443785,5810.137322207456,10047.7172319487
237 , 14427.719262608221,14428.206203106194,9604.785658768486,5908.619871452048,10052.314396039397
238 , 14427.719262507211,14428.220693750225,8870.183437828917,5768.238305625171,10050.129887457639
239 , 14427.719262491093,14428.236152520783,9232.228748375896,5814.67078362068,10050.928268210331
240 , 14427.719262430157,14428.252931540932,9249.078465464,5762.655751828717,10035.236205635561
241 , 14427.719262400147,14428.271055913012,8820.86371221867,6971.795515845646,10031.679007151914
242 , 14427.719262391744,14428.290537848174,8660.686332037176,8104.306772121176,10040.091720349059
243 , 14427.71926244643,14428.311819359236,8757.593080221906,6148.9091397717375,10046.527678444241
244 , 14427.719262337632,14428.334933243246,8197.711433531447,4998.83887207011,10047.816656200981
245 , 14427.719262241526,12522.905851179517,8465.165148939526,6625.473120190412,10056.354641204009
246 , 14427.719262287557,13515.946623393964,8642.477101050405,11974.47954897334,10034.546610574009
247 , 14427.719262255037,14432.057212932217,9544.16889009231,13233.222827155307,10038.911575372857
248 , 14427.7192621876,14432.145369474307,9187.015392959878,10810.311856326818,10020.000177521997
249 , 14427.719262155715,14432.613948581591,8342.490585273665,7868.984060211335,10029.1701999504
250 , 14427.719262012037,14432.580863462013,8787.784515547915,8715.925996598267,10016.531085161674
251 , 14427.719261983644,14432.751682907001,9531.415639906556,9225.680141282835,10030.288186053825
252 , 14427.7192619304,14432.955782261122,9057.572947085675,7775.140103889485,10038.188346140556
253 , 14427.719261848573,14432.983623074717,8938.219362074644,9857.80490917492,10026.789305124401
254 , 14427.71926175835,12287.257442478063,9280.106262566243,9416.820303814919,10003.365783736614
255 , 14427.71926171477,12911.367122304004,9140.364081634265,7637.964642024161,10024.21067181629
256 , 14427.71926161757,14427.72607136142,8697.84697761864,7331.770113536862,10009.789672870085
257 , 14427.719261556202,14427.664542386465,8032.83365857674,7614.041035363818,10024.914538473815
258 , 14427.719261466638,14426.799512102587,8399.850230661576,8379.280763945806,10030.815244169904
259 , 14427.719261340311,14416.41680294367,8706.919910872306,7768.17701676416,10018.928332371002
260 , 14427.719261238557,14432.041978071342,9223.882415353237,7010.822678269512,10012.152005213084
261 , 14427.719261079877,14432.387309318634,8428.270300626942,7436.813189211302,10004.844822609317
262 , 14427.719260887474,14432.795357277455,8867.744918286015,10353.363883708302,9991.624738278044
263 , 14427.71926088813,14433.291251383662,8753.781186457743,7110.656538789162,9996.396636773334
264 , 14427.71926078333,14433.895484566478,8153.661093997844,8039.651450843002,9988.358952084352
265 , 14427.719260582178,14434.653591317927,8728.004199413572,6300.365098260682,9999.61708385771
266 , 14427.719260446862,14435.633531094358,8715.721153255321,6903.938318036762,10004.05422567466
267 , 14427.719260241149,14436.96034634909,8989.668874053907,6925.549238067036,9992.527196100771
268 , 14427.719260049296,14438.817259180176,8689.380586912186,6362.859279135501,9989.474903961722
269 , 14427.719259866413,14441.724077967607,8894.724599529522,7992.582879885857,9999.494419838718
270 , 14427.719259596039,14446.95710459808,9164.642100634352,11534.898420143198,9998.035569439833
271 , 14427.719259401658,14459.714832930871,8420.40743118956,7442.316751849057,10002.490324217111
272 , 14427.719259280037,14427.822310325731,9036.041087333086,10702.002519809837,9984.338022193213
273 , 14427.719259034911,14427.821566565946,9838.645986778976,6355.402458003778,9990.034903625514
274 , 14427.719258755138,14427.820742994425,9038.779855904197,7513.949108781155,9974.906656161573
275 , 14427.71925843612,14427.820033676991,8670.031399633806,8010.750058750589,9987.727747778652
276 , 14427.719258000714,14427.819243281941,9145.825269197549,7295.018653288838,9997.006206330227
277 , 14427.719257730454,14427.818477810271,9174.000445907051,6050.126796425038,9979.52818841883
278 , 14427.719257215249,14427.817782309538,9586.746782071968,8022.7379813603775,9991.600603989062
279 , 14427.719256827215,14427.817125304058,9921.472611639614,7696.355410282691,9976.57084275638
280 , 14427.71925623418,14427.81642932226,8575.938390908375,5713.468219836513,9986.207403547876
281 , 14427.719255709435,14427.815765348432,9017.796500666938,6084.198330882264,9984.73065728039
282 , 14427.719254863721,14427.815115258949,8880.951152569156,6027.230981022329,9997.906559550602
283 , 14427.719253868992,14427.814469185374,9279.365837153284,7074.696624923758,10004.361202119546
284 , 14427.719253144052,14427.8138355856,8881.42555832102,7261.500346505381,9967.849205245122
285 , 14427.719251631956,14427.81323254025,9318.299580838519,6758.8214829286535,9996.848622440093
286 , 14427.71925035605,14427.812570139078,9396.776262753578,6463.965881216904,9973.601006703944
287 , 14427.719249113637,14427.812020399999,9193.933999947205,6699.84546441818,9982.528453144372
288 , 14427.719247087645,14427.811480404938,9608.346488484709,6678.51644126935,9976.973151859895
289 , 14427.719247664903,14427.810875628265,9048.533020680876,6272.3250343007485,9957.160646104338
290 , 14427.719248873516,14427.810355596775,9459.706652860603,6433.869852203312,9983.368732959167
291 , 14427.719247038962,14427.809752339705,9540.92239415293,5826.546589785389,9975.971794916126
292 , 14427.719246582883,14427.809261050292,9769.553512541323,7066.242954968769,9972.493411031322
293 , 14427.719246162977,14427.808750151247,9866.109317705143,6029.301251879934,9963.063761587739
294 , 14427.719247780242,14427.808215711466,9642.835291747893,7010.109404254314,9971.752956107412
295 , 14427.71924543998,14427.807735548951,9732.716957098417,5831.956064637712,9942.709005715165
296 , 14427.719242567206,14427.807252501147,9404.20665824289,9239.44133383795,9984.116638394755
297 , 14427.719238554942,14427.806650746761,9819.179000088883,6199.772648271121,9986.46380471084
298 , 14427.719237087056,14427.806247708271,9448.819807192382,8243.042533308082,9966.850909367839
299 , 14427.719234993781,14427.805733730765,9796.131471166394,6813.42683719894,9969.7771042963
300 , 14427.719230222972,14427.805303433595,9805.832827661005,8900.601856331768,9968.776865051868
301 , 14427.719219202401,14427.804828608796,9663.11452606823,6541.80058058138,9978.702246497074
302 , 14427.719207897982,14427.80437446428,9437.434139291872,6086.190694822836,9979.816055574915
303 , 14427.719180721877,14427.803833484571,9843.362144429319,5889.178872707883,9975.54377927546
304 , 14427.719148235201,14427.80339875249,9540.422246030012,6024.983916209684,9976.548252610626
305 , 14427.719148046408,14427.802967582496,9796.727692634006,5755.503516146934,9982.712707909839
306 , 14427.71907685383,14427.802612737742,9756.605191871096,8851.468749503561,9961.882454595083
307 , 14427.718784340772,14427.802149541905,9750.733475729985,6185.95128380088,9962.620299467404
308 , 14427.719136445818,14427.801735612047,9599.586036127082,7413.59034987187,9970.975580877064
309 , 14427.719097911815,14427.80136251239,9840.177733548073,6703.905221611153,9947.098993596428
310 , 14427.719205389734,14427.800934276835,9481.000122298796,6513.1315355274955,9952.50612098495
311 , 14427.719195660216,14427.800484875203,9548.444604875378,7304.154485595244,9968.347614876451
312 , 14427.719183652685,14427.800124993739,9431.291215706555,5498.82076668149,9957.055056976955
313 , 14427.719168194872,14427.799685587604,9516.531562259896,7047.184639929907,9968.53517449748
314 , 14427.719145298592,14427.799307306735,9450.224171874144,6604.13741605322,9983.901042303762
315 , 14427.7191124834,14427.798950227872,10028.849303624202,6887.609936923936,9970.571355931534
316 , 14427.719058469767,14427.798599653815,9929.263496325098,6022.077063564233,9998.359804060681
317 , 14427.718953901081,14427.798230801203,9836.55941778865,7402.330563489983,9973.598376801914
318 , 14427.71872109773,14427.79781401443,9915.174044734767,6476.768307738893,9975.224051298095
319 , 14427.717597921663,14427.797431060733,9812.318029615199,7123.131311102309,9993.789144796685
320 , 14427.6876168243,14427.797103528197,9598.402303224157,5551.7844653139755,9980.560967561329
321 , 14427.710273998731,14427.796710198436,9577.193197865432,7391.085019560734,9966.179091433538
322 , 14427.706212485995,14427.79646004851,9966.039113348847,5552.752247341978,9960.805145931005
323 , 14427.713207375842,14427.796014812175,9689.851619223778,6416.626001113237,9966.016064591675
324 , 14427.715505375645,14427.795776453971,9721.00774827494,6298.578560971867,9940.669225503152
325 , 14427.716609763722,14427.795407711234,9792.804938510615,4988.467916934272,9956.092027770006
326 , 14427.713400260962,14427.795018767963,9690.723645917627,6831.765567625672,9962.215778601601
327 , 14427.711460542898,14427.794777756924,9800.287580885124,6296.434323790086,9963.120432593438
328 , 14427.671561343885,14427.794448529066,9825.529381770633,5430.0907410915115,9960.87317271408
329 , 14427.71944665927,14427.794079298581,9491.048483760795,5291.005957377942,9955.60849648874
330 , 14427.719252135767,14427.793788427764,9767.865028151211,8883.00648966,9980.365743909915
331 , 14427.71925213548,14427.793370187661,9642.298631661759,8349.669404155578,9977.9788522936
332 , 14427.719252135497,14427.793209103416,9226.666368794178,6055.735600809089,9944.70016200324
333 , 14427.71925213544,14427.792933382372,8733.427433585979,11301.989330211838,9958.575936069288
334 , 14427.71925213547,14427.792526575951,9253.466689458706,6278.06112225837,9971.12417884476
335 , 14427.71925213547,14427.792281147693,9513.425911244294,5169.083156361757,9980.72597797652
336 , 14427.719252135466,14427.791909340885,9013.807310057427,5889.507356930479,9933.32795138333
337 , 14427.719252135488,14427.791613982243,9222.299478734334,5905.9556999694505,9969.185345166568
338 , 14427.719252135505,14427.791367823771,9089.07553713277,7066.543671583039,9974.392700811006
339 , 14427.719252135483,14427.791025181,8837.757087748038,5751.752175770175,9972.884074423113
340 , 14427.719252135457,14427.790776273596,9639.82592036347,6004.739998580352,9962.748574837331
341 , 14427.719252135488,14427.790438363478,8712.241132701463,7160.229434751523,9957.412579510508
342 , 14427.7192521355,14427.790353981474,9690.415648672568,5791.655632864565,9967.835212008764
343 , 14427.7192521355,14427.789924843652,9481.796237488348,6268.317871876224,9960.75942549936
344 , 14427.719252135503,14427.789723749655,9860.743165906928,5469.299346206271,9967.67163250509
345 , 14427.719252135523,14427.78945588993,8776.903533389539,5538.896863558405,9961.844361862664
346 , 14427.719252135503,14427.7892333878,9113.54353674326,4982.199328614841,9954.299501171728
347 , 14427.719252135486,14427.788902540562,9625.781465478274,6153.099403994428,9976.308874862321
348 , 14427.719252135523,14427.788626451724,9759.793073954173,5025.364864619553,9963.88566086978
349 , 14427.719252135483,14427.788441595783,9481.029349803383,5370.799631312482,9982.575768833643
350 , 14427.719252135483,14427.788206726827,9257.5092319588,5262.7598135377275,9977.24366305842
351 , 14427.719252135486,14427.787990394085,9949.76546860372,7077.543959187592,9984.560613280159
352 , 14427.719252135512,14427.787683216153,9927.229605669425,4260.667298445417,9939.515996180337
353 , 14427.719252135503,14427.787474202461,9821.971353768118,7150.933701342264,9990.217184800413
354 , 14427.719252135521,14427.787280858453,10043.969480385744,5190.756806509324,9988.288771427351
355 , 14427.719252135492,14427.786996657198,9550.670303685381,5635.060317896981,9989.298396493366
356 , 14427.719252135494,14427.786805460471,10066.13639635903,5847.83701488887,9953.881468747031
357 , 14427.719252135494,14427.78655606929,9632.349205474147,5208.506141356009,9971.394363346146
358 , 14427.719252135508,14427.786332913993,9801.606965295357,4910.948692026301,10000.279131907462
359 , 14427.719252135517,14427.786113686047,9655.05984765874,5635.515298300209,9943.511449641679
360 , 14427.71925213549,14427.785758270275,9858.609662166777,6298.708699554814,9982.804207982
361 , 14427.719252135514,14427.785656476792,9212.352000035577,5976.549555830667,9969.861273421078
362 , 14427.719252135514,14427.785437773315,9494.13827555177,5539.059265949277,9952.36816348046
363 , 14427.719252135483,14427.78516524416,9361.784049967217,6274.069441437292,9971.536564259994
364 , 14427.719252135534,14427.7850258424,10065.156058160523,6090.093005324139,9993.432820102575
365 , 14427.719252135526,14427.784825271792,9015.747937481785,8322.826246315288,9969.820320329065
366 , 14427.719252135505,14427.784597572469,9131.358972963119,9077.98288971815,9988.411786421637
367 , 14427.71925213556,14427.784420734046,9246.494421289743,6480.373624999085,9950.296817766251
368 , 14427.719252135532,14427.78420315213,9361.629914947385,6002.153479955733,9948.911604072471
369 , 14427.719252135492,14427.784041752135,9561.091610373076,6355.935699661022,9961.877132436533
370 , 14427.719252135488,14427.783748523314,9472.438302926203,6239.499937629897,9978.726524019488
371 , 14427.71925213549,14427.783588378394,9596.346079243394,7040.507405160926,9963.253241283279
372 , 14427.719252135535,14427.783456165713,9651.535561703022,5369.301805157917,9992.854005542404
373 , 14427.719252135572,14427.783300719317,9253.689240049101,5516.517476164086,9989.318889251432
374 , 14427.719252135526,14427.783042162231,9247.044731117856,5182.886443679623,9983.882586841635
375 , 14427.719252135561,14427.782907649806,9611.864864807269,5573.305558002001,10002.798700764277
376 , 14427.719252135526,14427.782706322218,9411.609600946904,5555.07123342509,9936.729970619805
377 , 14427.719252135512,14427.782559073576,9493.22456690848,5656.113667870143,9974.227961954755
378 , 14427.719252135545,14427.78229293524,9366.109789672586,6254.851512086559,9979.611369201293
379 , 14427.719252135535,14427.782164157336,9244.886577198498,7084.4995119210525,9974.325036585577
380 , 14427.719252135517,14427.781964678745,9147.070746382238,5391.60439203519,9999.899808280892
381 , 14427.719252135535,14427.78171041028,8835.305883798284,5937.222846454714,10011.754766443511
382 , 14427.719252135505,14427.781523820744,9354.047226716886,4797.30411520638,10044.408983582538
383 , 14427.719252135543,14427.781252939103,9539.808587811565,6325.957163790728,9982.529415084171
384 , 14427.71925213554,14427.780935004397,9785.870319851521,5250.507516356474,9955.793322110942
385 , 14427.719252135532,14427.780561381804,9356.966268833243,4630.643576572898,9990.337890534258
386 , 14427.719252135543,14427.779997707421,9459.523347611952,5697.339012880176,9994.319741737521
387 , 14427.71925213555,14427.779224641727,9444.958289008255,6072.214821491722,9975.745114698808
388 , 14427.719252135566,14427.777673246772,9340.022797511854,6579.665002169323,10000.079982624105
389 , 14427.719252135543,14427.774040401817,9613.878000485242,6152.213638510657,9985.341934407485
390 , 14427.719252135572,14427.760865400358,9277.986745498734,5208.817402960384,9970.050842826568
391 , 14427.719252135546,14427.146508914353,9436.7127019159,6453.744001161284,9986.571609916644
392 , 14427.71925213556,14427.775270798707,9588.835276272333,5111.672001411998,9986.49324231898
393 , 14427.719252135532,14427.775022719212,9616.951218065513,7391.391871256178,9989.797322137041
394 , 14427.719252135563,14427.774541520774,9584.429429279577,6330.987907027062,9983.659062478224
395 , 14427.719252135574,14427.774328865205,9376.762119797946,6147.82080827459,9990.224943966787
396 , 14427.719252135526,13552.346906434448,9948.260658509776,5317.499572763595,10004.343921493088
397 , 14427.719252135574,14427.735784409051,9841.253465688198,6845.1012259664,9959.027938469157
398 , 14427.71925213554,14427.73051784375,9658.824841576512,6389.006178688327,9972.638777587606
399 , 14427.719252135601,14427.72162166011,9682.357361734441,5748.153542660728,9962.395461528504
400 , 14427.719252135583,14427.701961260807,9939.743417823356,5618.264774705439,10024.81936696699
401 , 14427.719252135601,14427.62063763671,9418.14294217815,5739.966790755062,9985.54301829615
402 , 14427.719252135556,13332.569461775962,9794.744676703272,7494.975892386487,9994.468919861029
403 , 14427.719252135526,14427.747577485268,9797.322975620393,5090.052287168609,9994.642495041177
404 , 14427.719252135552,14427.747332725532,9742.938680416431,6670.7292129955995,9990.91121172197
405 , 14427.719252135614,14427.747372435546,9492.43408109696,5218.672963647032,9988.889834236068
406 , 14427.71925213557,14427.74722359082,9633.02723245634,5464.037542672236,9994.660414457248
407 , 14427.719252135583,14427.74723969675,9960.739502301449,6633.848071541946,10027.74987035152
408 , 14427.719252135586,14427.746999907511,10020.262107553102,5376.846189259524,10018.985195543399
409 , 14427.71925213556,14427.746964549784,9563.62717860354,6308.205354811987,9970.955040739318
410 , 14427.719252135583,14427.746894412003,9918.258463476552,5196.5536126863935,9984.587649013236
411 , 14427.719252135586,14427.746747216244,9625.369116507054,5038.281362326741,10010.021758542556
412 , 14427.719252135566,14427.746503948063,9530.38332032019,5709.526990630655,9998.339193755435
413 , 14427.719252135581,14427.746626028465,9650.815156780862,5584.873868316728,10015.584673279736
414 , 14427.719252135592,14427.746280873176,9016.206059001552,5578.141366328842,10020.73040856378
415 , 14427.719252135592,14427.746409079298,9733.808124413415,6733.356789560165,10006.806138576283
416 , 14427.719252135574,14427.746255941882,9216.556764607822,5981.174933882251,9998.184222992562
417 , 14427.71925213562,14427.746192099623,9549.023559126339,5510.48641076582,10003.86063033403
418 , 14427.719252135605,14427.746197011506,9312.360788958678,6635.437456036312,10015.054441653361
419 , 14427.719252135596,14427.745980118458,9031.058168727901,5126.861470200891,9995.153535585643
420 , 14427.719252135597,14427.746032265568,9406.955984057868,5493.891278384238,10006.863077064008
421 , 14427.719252135548,14427.745745863887,9606.032857811,5396.085051579531,9984.097545766259
422 , 14427.719252135605,14427.745721627682,9239.759885830897,5521.018884978499,10003.47583852994
423 , 14427.719252135583,14427.745679727603,10189.014514720218,7823.1387116093165,10010.979886356188
424 , 14427.719252135617,14427.745560556685,8677.943563580837,6293.027519393628,10000.599095358195
425 , 14427.71925213557,14427.74540613188,9309.399631324202,5605.015709999668,10018.727275064362
426 , 14427.719252135601,14427.745376487575,8889.307580368286,5437.652067795694,9992.573725459475
427 , 14427.719252135616,14427.745372260008,9081.547839427954,5268.2451174569005,9996.57574424702
428 , 14427.71925213562,14427.745199598887,9337.065251876154,5330.8915236623125,9993.272438959786
429 , 14427.719252135601,14427.745026232804,9784.845416323407,4600.720498593244,9984.819333396103
430 , 14427.719252135581,14427.744981865028,9610.949015545897,6292.993388159788,9986.051368319357
431 , 14427.719252135632,14427.745082491609,9024.40719678302,5151.108825576872,9985.977399355332
432 , 14427.719252135592,14427.744801324814,9483.801053971869,6629.099760111633,10017.187204075872
433 , 14427.719252135605,14427.744632059717,9031.604277132872,5259.9917484736,9993.164606026581
434 , 14427.719252135583,14427.744753283057,8731.63940159024,4460.7824124366825,10012.912653011566
435 , 14427.719252135574,14427.74458755278,8866.953541194582,6079.408535196053,9983.019936454182
436 , 14427.719252135605,14427.74448734318,9938.103555229049,5257.720973953291,10024.738225085664
437 , 14427.71925213558,14427.744473070927,9015.728489469464,4655.491576308082,10017.176953805687
438 , 14427.719252135596,14427.744426829157,9748.723685155854,5281.286343596225,9992.19176100006
439 , 14427.719252135601,14427.744334684734,9410.1278558815,5639.037022738204,10019.063364589543
440 , 14427.719252135583,14427.744148746468,9040.487529780923,5594.30618970164,10023.893463204005
441 , 14427.719252135636,14427.74406593184,9078.21239552577,5476.337218023856,9996.571680733558
442 , 14427.71925213563,14427.743991994266,8293.615064606489,4917.2866265464345,10014.636886174338
443 , 14427.719252135605,14427.743878027144,9089.055555442306,6087.038276962489,9986.2208754403
444 , 14427.719252135637,14427.743892165869,9088.251925224009,4771.744977385423,9996.771110802374
445 , 14427.71925213559,14427.743842865706,8662.770468315055,4798.600589063382,10034.035121776678
446 , 14427.719252135628,14427.743699831497,9537.778973018312,4594.732888814034,9997.454220927526
447 , 14427.719252135592,14427.743647827489,9012.77150442318,5940.192250404405,10005.184753448493
448 , 14427.719252135641,14427.743473225493,9056.102396858623,4814.20574249189,9982.285227620987
449 , 14427.719252135652,14427.743559101515,9125.06522246902,4717.85757330469,10018.31907445156
450 , 14427.719252135596,14427.743416169425,9522.994909005449,5945.11074020962,9999.138336061636
451 , 14427.719252135614,14427.74330871707,8932.765192193368,4878.20176732074,9987.82540806835
452 , 14427.719252135614,14427.743269568475,9048.395336722488,5184.257406263273,10010.819314182292
453 , 14427.719252135597,14427.743088370638,9420.18834106107,5118.272954118155,10021.0711929956
454 , 14427.71925213563,14427.74312120745,8875.504416663005,5109.0821638122015,9983.394178396651
455 , 14427.719252135617,14427.743180137408,9787.790174992604,5353.4379172656545,10017.82186721748
456 , 14427.719252135632,14427.743047872324,9357.237081518922,5926.524014826702,10060.223806863434
457 , 14427.719252135646,14427.742862548706,8895.152412558602,4268.482923411547,10004.89485489692
458 , 14427.719252135612,14427.742859645234,9240.599836377734,5014.552614994039,9999.857283668234
459 , 14427.719252135632,14427.742708992571,9299.378368361418,4726.606354365297,10031.903025616846
460 , 14427.71925213564,14427.74269404642,8917.575283035458,5441.997776271028,10006.979001270996
461 , 14427.719252135643,14427.742708624537,9093.309743749938,4565.675635240089,10012.069432154069
462 , 14427.719252135641,14427.742659468331,9305.540747623565,5082.474035987924,9995.413226339473
463 , 14427.719252135643,14427.742511552175,9279.061675994672,6145.155586012233,10007.892320062007
464 , 14427.719252135672,14427.74257829317,9440.850962830591,5238.262700687991,10015.267543506528
465 , 14427.719252135605,14427.742518528954,9406.29390384101,4766.114454618996,10040.395402540153
466 , 14427.719252135665,14427.742424395092,8991.202441704472,5043.071394940136,10030.527666556392
467 , 14427.719252135625,14427.742363233852,8524.238703136129,4850.840650673327,9995.52952364608
468 , 14427.719252135594,14427.742315019701,9279.115080382719,5041.165213900536,10025.96261036995
469 , 14427.719252135646,14427.74219255145,9147.38826248768,5104.327781715637,9995.35724217722
470 , 14427.719252135605,14427.742118315335,9248.606828086511,5526.5329119688195,10007.146434954137
471 , 14427.719252135626,14427.742060083434,9306.958645498169,4742.364357783131,9994.706162144354
472 , 14427.719252135586,14427.741914961212,9432.433537308749,4780.235628804469,9994.535753505193
473 , 14427.719252135676,14427.74200591869,9333.000608949067,4242.901330431999,10059.594567527407
474 , 14427.719252135657,14427.741780068258,9412.528429680999,5590.487172985726,10026.504638139735
475 , 14427.719252135641,14427.74184165823,8907.345169582059,4307.246655630764,10058.28618271359
476 , 14427.719252135646,14427.741680207362,9397.609225572216,4949.9431383212395,10035.126102886206
477 , 14427.719252135636,14427.741575601902,9269.78871174315,4327.006261056274,10030.086733975835
478 , 14427.719252135652,14427.741421014063,9344.765267795345,5817.291966055785,9995.764213537084
479 , 14427.719252135665,14427.741523685498,10172.024696414483,6003.391655954509,10031.018522619821
480 , 14427.719252135648,14427.741399024464,10371.999953781753,4831.792648022564,10042.84680092504
481 , 14427.719252135648,14427.741491420928,9922.996089782655,4360.509971898132,10036.050746271003
482 , 14427.719252135648,14427.741230733278,8854.592277656722,4643.299601455117,10005.119689221958
483 , 14427.719252135648,14427.74129374252,9580.58014866502,4823.266101301258,9991.612308753321
484 , 14427.719252135674,14427.741191307909,8981.373046385275,5632.894180106463,10029.253606073873
485 , 14427.719252135665,14427.741190669643,8906.75504712686,5233.653907374848,10001.2249331322
486 , 14427.719252135666,14427.741108926679,9104.003779543626,4790.683418133923,10011.769914679973
487 , 14427.719252135666,14427.741100882275,8874.297911491249,4680.963951136349,9990.503384838179
488 , 14427.719252135692,14427.741138051157,9287.601057131102,5564.556617607278,10037.322665551032
489 , 14427.719252135666,14427.740844828762,9182.583786278847,4549.827827944191,9980.333661023302
490 , 14427.719252135686,14427.74088504662,8835.431868280753,4543.968945642851,9983.80116571594
491 , 14427.719252135661,14427.740686558322,8982.519692967428,4701.400423295108,10023.86800742592
492 , 14427.719252135708,14427.740792633515,9227.819376780539,4490.911923686474,10057.045707519743
493 , 14427.719252135652,14427.740723461271,9186.497593668975,5052.069660497345,10054.967393041034
494 , 14427.719252135617,14427.74073105492,9390.316726199411,4904.759221547845,10037.320654515655
495 , 14427.71925213571,14427.740559466849,9554.518552468839,3987.087482527598,10041.769416135416
496 , 14427.719252135665,14427.740669516212,9008.117761276433,5331.9154928920425,10013.436973563517
497 , 14427.719252135665,14427.74039907747,9537.868188732686,5467.033732358751,10040.968448862084
498 , 14427.719252135692,14427.740550753397,8794.28336910536,4411.630793450479,10018.778597784136
499 , 14427.719252135648,14427.740490574377,8696.161931967183,5234.005882008959,10038.687264261318