0 ,12702.384678097398,13488.183272153969,14006.104179220529,13971.466227279307,14237.819089660179
1 ,12019.72901529114,13075.789646977684,13778.563181821139,13784.25414650131,14226.972989228452
2 ,11606.509312843584,12600.47969252428,13564.147802452475,13717.037449863157,14220.870348501516
3 ,11329.71994062074,12157.549358061044,13306.81066977275,13637.720882819502,14208.555070216424
4 ,11147.837093734115,11821.71133142845,13009.056427592499,13532.777853929669,14185.364638980887
5 ,11013.05549026183,11529.715873801732,12645.1559766005,13410.400007131188,14135.895554729947
6 ,10903.242947709781,11284.363394790807,12286.786593976536,13283.276034876219,14088.749524256711
7 ,10853.58270322519,11116.960273992336,12043.515122639843,13145.131855576396,14041.044699784537
8 ,10806.719789552744,10977.055113345144,11840.91509465715,12993.322408256756,13998.557909089895
9 ,10758.254282544529,10910.75185059336,11632.154076039977,12798.329871647602,13958.928582599121
10 ,10754.090430330507,10859.58247149007,11442.404139235377,12530.606699447684,13921.98321769737
11 ,10739.564043913033,10838.56766525357,11254.688328121687,12280.433942714706,13890.822254419927
12 ,10741.85018030576,10805.421737417972,11113.778049782148,12084.17374355974,13854.763815213902
13 ,10723.452774193747,10752.136192868518,10998.694908556543,11933.92537136154,13825.660510592616
14 ,10708.084702883936,10778.160929744934,10902.506988466106,11817.11116488107,13790.738039621474
15 ,10692.24982282339,10760.460947564645,10874.824950253284,11714.628894025276,13742.068092432084
16 ,10706.423431917809,10684.447256987189,10861.830056030307,11622.498590483076,13653.229333721121
17 ,10723.675611109029,10664.740096746795,10798.8377164994,11555.575233389394,13523.150768276722
18 ,10714.210743755124,10699.623131068385,10763.245850753081,11486.208709111026,13428.298511406429
19 ,10711.972831905558,10717.788329377243,10709.501124833496,11401.739542134126,13334.077471210101
20 ,10722.549932858316,10655.844561617765,10688.522629146282,11334.314004974141,13244.106675202356
21 ,10718.318528464224,10617.371385636587,10676.692942337088,11267.109524121392,13203.44100027205
22 ,10693.312515600868,10672.321874894924,10651.931791403384,11191.286312469478,13127.088693939348
23 ,10676.543225908239,10630.02217631237,10616.349391275235,11155.75762355071,13067.404506767994
24 ,10710.048590921937,10630.027903089094,10615.925181569568,11155.37054688608,13016.292459382472
25 ,10728.05814402939,10581.040368401696,10577.949545915935,11075.49125179583,12978.938753723784
26 ,10719.93474349252,10569.528917665095,10548.00299580878,11079.511857936519,12902.426561496442
27 ,10725.84379828801,10545.040256111804,10568.193179666225,11026.758460609217,12620.801513482722
28 ,10770.584123302813,10577.128353585475,10533.986459963966,10991.545872455152,12484.108323127364
29 ,10803.823797618006,10612.61599198632,10553.322843341191,10881.485978396307,12398.642200219076
30 ,10760.197940221013,10563.21158182283,10560.770011175511,10797.548346981672,12274.79715139482
31 ,10774.122322306037,10457.739309096865,10465.030365317938,10773.764944006605,12213.995423551754
32 ,10794.121045663387,10465.10132756394,10440.267048511647,10776.410015566156,12049.270507757135
33 ,10768.945440016461,10497.211734737699,10509.488523610387,10732.67910178546,11646.912295615997
34 ,10806.525513866203,10534.499209567672,10461.820913225922,10724.187232442926,11625.511620346419
35 ,10793.23584736518,10483.348450934856,10367.335765501855,10576.45050753685,11548.288793891119
36 ,10845.998738005585,10486.874639643745,10386.236511609151,10593.703500475413,11536.132814523005
37 ,10832.445893496064,10506.51871121072,10392.83726130727,10519.833677962079,11507.392467119247
38 ,10862.693351930535,10428.152014195137,10311.941761368515,10536.673205522095,11454.635678514414
39 ,10875.665915211204,10483.621228777589,10383.145158275154,10445.184114277734,11455.831599469408
40 ,10903.373999696312,10468.309106949375,10314.093424096593,10457.039928315537,11442.953535252283
41 ,10842.39352093666,10439.319415649614,10292.502181730404,10413.20133834763,11357.603499187222
42 ,10920.19377996061,10444.578249882677,10365.570201860093,10335.824983929857,11379.12568344174
43 ,10865.682424445442,10448.195050020919,10280.177618026128,10431.64814291831,11330.444200913329
44 ,10974.84913241982,10470.234096151731,10268.867434597449,10447.381207602604,11323.963709556218
45 ,10911.160123066456,10413.825110150452,10234.197373923378,10401.461079290157,11265.315677392005
46 ,10922.63963257848,10481.396241501821,10278.594228533644,10356.213974159096,11253.327216522655
47 ,10961.777474976705,10462.900872406288,10248.146571966126,10479.71341788232,11194.772017530808
48 ,10930.232093674162,10458.418240099023,10260.562953024451,10451.784235148527,11209.116114760098
49 ,10927.365897162817,10457.07455286096,10303.340743872579,10480.19049445881,11181.209502852356
50 ,10970.848516765802,10480.767433549776,10273.066852000125,10378.534473275935,11144.732363052286
51 ,10972.925571185637,10488.8730687589,10247.190489068653,10355.423335446167,11127.218787987451
52 ,11018.610471618216,10456.95342099453,10268.103410982385,10374.03037878096,11093.141528730226
53 ,11019.043903769134,10494.573978379482,10202.980538024058,10517.721299609733,11067.587294500892
54 ,11003.975498542239,10472.850831375836,10200.178268054568,10370.13366115037,11058.628784827282
55 ,11010.488469564058,10435.768643022044,10210.084587768451,10464.977776214855,11029.862147831607
56 ,11034.09677889314,10523.31860144255,10231.507207275168,10388.317228433802,11001.478442052967
57 ,11053.526172514743,10447.691871523268,10207.077443256143,10369.469361546207,10976.310224703831
58 ,11041.93216085151,10468.923473664872,10242.514973732461,10342.00444339446,10958.070275824079
59 ,11137.705259543525,10479.559633700004,10188.461063531,10369.324136253817,10931.580908991953
60 ,11029.963580262034,10394.413543894027,10305.864535518658,10286.207186428246,10957.155997247635
61 ,11030.172057566197,10420.963769322168,10160.225085112155,10246.74458710472,10874.83620306562
62 ,11071.203301782822,10481.898949152182,10149.55711352545,10389.726697638589,10868.088733813322
63 ,11132.877706286643,10383.160104335564,10282.888108282095,10267.2843828424,10666.593059773617
64 ,11029.775716897642,10415.038114599654,10272.856514256306,10329.559780067731,10598.185899395772
65 ,11090.911591078757,10457.482819348616,10221.717034884927,10385.47698921301,10525.390824418615
66 ,11069.588204335723,10508.80036030982,10177.944070300195,10242.842039143967,10481.349219968733
67 ,11111.943230162475,10487.994444785856,10287.669811656142,10304.343262431725,10480.600861826528
68 ,11097.97037572969,10557.738867581787,10167.952780469524,10208.717973777644,10488.161691570629
69 ,11093.372196305734,10505.701636992244,10246.037553595952,10200.308916577149,10569.844702560826
70 ,11132.778836291578,10571.03040411262,10249.029508394518,10359.611668250262,10481.847895313422
71 ,11059.649263438296,10522.108921849525,10185.357741035397,10201.679075395368,10432.966018668176
72 ,11098.477226794275,10585.131931498068,10213.461501919723,10189.746592366377,10429.91951281953
73 ,11116.155602401677,10539.846092466312,10198.332224103171,10224.131797149885,10450.961665235634
74 ,11133.68515325811,10592.411639562972,10094.503525614566,10200.82020474206,10409.752823048728
75 ,11107.79236107417,10551.265906694678,10229.529084281085,10266.965232330827,10390.411720814136
76 ,11189.136696683063,10586.803190644534,10189.580060922872,10146.985669668737,10388.48619740462
77 ,11086.98178489326,10577.493544118357,10189.8017339453,10132.166149213428,10393.886891336613
78 ,11081.059976531928,10587.24706282042,10207.946303982542,10158.229186739773,10350.912117194051
79 ,11222.29761391424,10610.142052983665,10199.160319290308,10220.559511174273,10462.641888145372
80 ,11127.510478419921,10607.704416509347,10210.36589598513,10129.852140101111,10360.10473186103
81 ,11216.714279211492,10679.476352086878,10264.575642678681,10221.083890179487,10295.874224005029
82 ,11169.344396237535,10587.554129944312,10156.088836913432,10150.542561442453,10341.731462508988
83 ,11260.3104162368,10530.981749953684,10186.979775258298,10177.717863543472,10337.41097392581
84 ,11154.615188833131,10634.941528492103,10237.96522684766,10174.521023526799,10286.7685746121
85 ,11160.580393009604,10531.30435738532,10205.511170895039,10084.624638726898,10249.127348672171
86 ,11096.21881970292,10624.027276969626,10203.13326493737,10153.189552036096,10311.305922645646
87 ,11150.413489238159,10655.584441525136,10284.602796185556,10125.956516125496,10243.03724467233
88 ,11147.660191914214,10678.687910427769,10175.749046830762,10142.771489882438,10206.314533590546
89 ,11108.644865651388,10619.967778302604,10185.738652512608,10113.174884780034,10215.519358369786
90 ,11174.946774725415,10559.586987681436,10176.657477880795,10066.215037671127,10250.902597249535
91 ,11108.751705368184,10568.500034971608,10193.180453311315,10050.391145456859,10235.66718166716
92 ,11149.886904314748,10591.66108447848,10142.596717682154,10116.23100109771,10191.03244038724
93 ,11232.782084109685,10687.639902397672,10161.873360834612,10179.915701294614,10247.978087512462
94 ,11241.998724112853,10609.087591546511,10219.501192378853,10101.129342756061,10233.45135300996
95 ,11124.03239304823,10606.385793589527,10174.106833960011,10087.216355116125,10263.017922197017
96 ,11156.111640382436,10570.342223464886,10125.370678989137,10080.954505489495,10176.761523318608
97 ,11171.481397499225,10569.954134493684,10159.33555197765,10171.361494869412,10177.558216835392
98 ,11242.438508291209,10693.5674426173,10176.303064016534,10006.185268457726,10168.898289446453
99 ,11262.34675410112,10613.747630117236,10209.643059986618,10112.611008777101,10237.09997307117
100 ,11200.781711530943,10710.090315062189,10113.593321181383,10004.76361224332,10202.275404027592
101 ,11216.775852512576,10667.315038195238,10229.983011761093,10000.832868938493,10185.552446449557
102 ,11082.322025188034,10752.54699889449,10088.606098358354,10021.381477704763,10188.107739817626
103 ,11151.453810494084,10681.110230197819,10242.727544907953,10064.64959399132,10140.767372383882
104 ,11269.5409278914,10639.248986273926,10187.454729053205,10046.914453796966,10130.526610009221
105 ,11202.133014840645,10745.997559707552,10165.599598329982,10003.65285881954,10125.594283839815
106 ,11171.772232196347,10622.685428602392,10192.660509461202,9995.31309039084,10129.045650529402
107 ,11192.912855538701,10652.718216513362,10159.657460593253,9962.861718529135,10122.098138178433
108 ,11145.17701698399,10645.762232683028,10162.675747306248,9962.844276517346,10081.626855523613
109 ,11068.441665927618,10691.154813812243,10173.879894982107,10033.425187416951,10068.947258934175
110 ,11158.221903542122,10670.795579163741,10157.90987815952,9976.926719755083,10120.69052522963
111 ,11128.456534776733,10595.873301484564,10163.468941045925,9991.757308178965,10050.11031765575
112 ,11087.987102165253,10643.09801316436,10128.520837884604,10014.660578563358,10012.156566262716
113 ,11147.93462066877,10615.780056832993,10207.283814441307,10033.182345845868,10051.808284291748
114 ,11218.408736251282,10585.003562827811,10154.211602203888,9966.404419969596,10053.23499933989
115 ,11097.769213965592,10613.770356678397,10226.05633706718,9992.492941864582,10023.244054921603
116 ,11010.196621604002,10605.26230910633,10103.335326863671,9964.56101629875,10077.946542795757
117 ,11126.167417454271,10652.92339936146,10157.233092763556,9996.293586589169,9977.84139311632
118 ,10948.225167503684,10720.056237262528,10103.61124948475,9919.756972377923,10010.418842711146
119 ,11117.1760282479,10697.551790501131,10230.506412542254,9997.458124255394,9985.23920217475
120 ,10991.260980742843,10754.370017413396,10172.81391017025,9948.609221255221,9976.42185029744
121 ,11148.732684738306,10560.516693482577,10137.062604377898,9995.043699403217,9993.056343023665
122 ,11151.44024529231,10649.383523852799,10143.618335349312,9899.343544133491,9973.27445141369
123 ,11065.519805642964,10600.136207819365,10158.015379730752,10091.464532162263,9949.270738513691
124 ,11123.041913984132,10633.868326795795,10111.74076061404,9880.925224708131,9937.676668703292
125 ,10939.69066629287,10564.393122684864,10149.223339588641,9929.112360395353,9892.659422348013
126 ,11170.606951345946,10671.169050240547,10154.305439747568,10045.99465372483,9966.64696422003
127 ,11050.506022400466,10692.372122690982,10144.011287406584,9929.169072499422,9905.690658157255
128 ,11027.54335464468,10649.949257372116,10247.747933605986,9989.649282212114,9941.470471560353
129 ,11269.781356849628,10625.269609790235,10217.621004436862,9962.039895505188,9945.826603150465
130 ,11158.914206775735,10665.64610495812,10193.272168713382,10007.151345055252,9897.183800728148
131 ,10986.546255480356,10587.562757473659,10120.816132656742,9910.553922778705,9898.710370152336
132 ,11120.887134360157,10602.875958868206,10079.763431575562,9896.081882939974,9879.914450367754
133 ,10982.112665578754,10648.518746843738,10120.99659629212,9878.18522944322,9890.750232336464
134 ,11010.620755494445,10689.198928643029,10103.494581986819,9890.36841064631,9869.08427563881
135 ,11165.354022486437,10655.193219692928,10197.35954325122,10047.153674353496,9829.6484505689
136 ,10998.990330139875,10701.22415547578,10180.28262141661,9951.622639057285,9850.130254180025
137 ,11010.35770718404,10619.626462955852,10034.526456042779,9972.863831762297,9855.367258740278
138 ,11000.651105357556,10704.945899084842,10058.414958913603,9934.314721924253,9796.36600788341
139 ,10994.451927364495,10713.692791571411,10176.01207651727,9872.29786607661,9849.63189060679
140 ,10880.2133263216,10579.533242609388,10190.793734763503,9892.573579681632,9807.230966509413
141 ,10792.914858441227,10730.764657375632,10212.419745735666,9876.361501386627,9813.403024548534
142 ,10917.656197728867,10637.935146478954,10159.011270475325,9872.314169917447,9781.735455275022
143 ,11012.01587593546,10691.77227118945,10079.960875691455,9897.5217881605,9781.99111814338
144 ,10850.12981582452,10613.120423009714,10014.930078564777,9898.027443396155,9746.282368370972
145 ,11026.956920730629,10666.426154181405,10110.042205323049,9921.883927192739,9771.402462294862
146 ,10941.620712373233,10620.385073606807,10099.124602859205,9936.082338897111,9780.734839719113
147 ,10865.540236632114,10732.073206117855,10117.300275242715,9922.717900786583,9807.158572669061
148 ,10837.315764162979,10772.379968594865,10109.457914057224,9840.874837265186,9728.830979076512
149 ,10909.904441120623,10596.808434147557,10200.706523094135,9869.463822526684,9730.38275814379
150 ,10926.316395986376,10609.394438734476,10142.783268339957,9857.77857342354,9726.82278893467
151 ,10715.29125603417,10588.228007050626,10080.6786824619,9892.094256976776,9743.953909375014
152 ,10730.631619588801,10751.947157221286,10091.949971579908,9922.09958284608,9733.989233752058
153 ,10796.256489994246,10655.140538133714,10017.175861567352,9886.070760245144,9735.75108085485
154 ,10895.864908821779,10781.857115365889,10055.205270585446,9934.741915573239,9701.482637953972
155 ,10867.105920796823,10669.224068361475,10160.074610729205,9866.11787782486,9696.461709990364
156 ,10936.525546537203,10620.222922396793,10146.577130702844,9916.930661718128,9718.432011866124
157 ,10993.00174169585,10579.530931816347,10099.955434532814,9860.412473406515,9701.632757895792
158 ,10926.37262422655,10616.687215101552,10133.49752029475,9838.414952362937,9662.820855147504
159 ,11031.063560852232,10626.884268430036,10147.874178052925,9924.412274430922,9663.634673654371
160 ,10945.155866157107,10695.010483131966,10161.327374192007,9878.872437273303,9636.945599511711
161 ,10846.368384196161,10525.774514685567,10127.02221225438,9876.438416784387,9646.34454729011
162 ,10687.846661856687,10567.085471144512,10079.14419525014,9866.030318305518,9642.04954135186
163 ,10699.06453240452,10508.43570344354,10082.099471343523,9878.680343603259,9682.14586736942
164 ,10894.132567644829,10712.523337345498,10096.846922952704,10039.293113042206,9608.743041394138
165 ,10917.404516753104,10407.516494676125,10103.65763515351,9879.744405515397,9648.474824638683
166 ,10879.62756072153,10691.263971377119,10076.715464582932,9951.837703042042,9658.525717982231
167 ,10760.823147602743,10507.97283000247,10047.426840662585,9949.74229330117,9639.75614505935
168 ,10711.138684030795,10536.423474916452,10058.064817827544,9940.061291559326,9640.463528744585
169 ,11031.15175548548,10547.680553561893,10065.388750176737,9942.49141526656,9636.001355012306
170 ,10806.359308648392,10577.10179066473,9999.499466998835,9855.170874001537,9618.256363834129
171 ,10677.193812737185,10448.14426606253,10126.989681598918,9848.337896737768,9616.75719340514
172 ,10768.55498991039,10619.338503708752,10055.471759053311,9780.504348379527,9611.458253289353
173 ,10699.963005645383,10432.135350158274,9939.91114599176,9827.432060982163,9607.589589132538
174 ,10585.816055874155,10676.216091677099,10159.119872933152,9867.128514086415,9579.576674081107
175 ,10738.49660625833,10479.670506438872,10145.287635708217,9833.460616234062,9576.983684444802
176 ,10603.425440837234,10576.329885163264,10074.13438973352,9875.143169142217,9554.204812418473
177 ,10775.636644610206,10457.119850051267,10159.864645151585,9785.730931354188,9546.256874239602
178 ,10820.729533829253,10594.647566392858,10088.490579250005,9899.828179682743,9595.3493283401
179 ,10597.740798986126,10724.438001451028,10072.440405557629,9866.353885912344,9600.36765748601
180 ,10727.811603034244,10332.13365668239,9969.33336731136,9854.708613613207,9581.289648435462
181 ,10723.441601824867,10600.4241546104,10004.00352083462,9827.099183317887,9568.836820918648
182 ,10883.548192990871,10371.76057636371,10009.380524672828,9825.491953472807,9572.265268435263
183 ,10701.631237499418,10347.57436766642,10013.563017067163,9911.429798484536,9545.737797630334
184 ,10789.986448049433,10494.883600907258,9986.32748168983,9853.522987264721,9582.602912180426
185 ,10691.520836215917,10464.083223198642,9899.375849465388,9782.378626186985,9542.405006253244
186 ,10735.692674461556,10625.260425096312,9967.955064334294,9869.029851316349,9541.570736583735
187 ,10749.234801815626,10397.609400022808,9973.615421804032,9914.96588435733,9506.048914903851
188 ,10620.025140902495,10445.01908649703,9921.70163766997,9931.902263438844,9534.174130353063
189 ,10740.174663643076,10464.205826407504,9946.27936158072,9918.24328045756,9514.095076092908
190 ,10606.572827178366,10337.195083425055,9936.804489691964,9837.859366423087,9516.33036602472
191 ,10769.637947947072,10408.843125199994,10036.385792023879,9849.233938557329,9529.257533709582
192 ,10664.153028929224,10400.167352389912,9821.449406765045,9779.233498850612,9524.455018427545
193 ,10584.406135935487,10506.004202165479,10054.209890376937,9778.070664443128,9541.176052915158
194 ,10646.359716007399,10372.913822293924,10054.463075176009,9827.4757101656,9474.67330836123
195 ,10657.749259736094,10441.87468426923,9879.110382800403,9820.222622658068,9476.681122789369
196 ,10677.243733049965,10417.613182352221,9869.250315875239,9792.577969849099,9531.317967001462
197 ,10555.560690822776,10304.299334960338,9923.279771684438,9808.432274097482,9480.538106396418
198 ,10391.025171047506,10458.085849007623,9961.222434926269,9754.993288759526,9472.593051981821
199 ,10413.145251771632,10324.888932514154,9782.86391751566,9830.931870954075,9442.761054412584
200 ,10603.92724569122,10323.60453885095,9926.116136853789,9835.028857373149,9468.791032023375
201 ,10830.157401449756,10374.412005723672,9892.271054742792,9819.781324351747,9492.835333429375
202 ,10482.854109439433,10385.861585905532,10028.597200589049,9836.638156828089,9489.100424553855
203 ,10600.928240799365,10266.130816767196,9915.103003594164,9784.948391337672,9449.268596450136
204 ,10505.145445642569,10301.254764479829,10110.939899249637,9834.114761931985,9474.171377803148
205 ,10460.047556637848,10331.611141678348,9818.714895164643,9809.334282990714,9442.139818105215
206 ,10484.759553168313,10364.0715248896,9900.66322132659,9744.983204773054,9449.373883440783
207 ,10454.426536236457,10248.655773280037,9980.65032587419,9785.832956690138,9426.361465220172
208 ,10421.062327029114,10126.030725311506,9866.660215799271,9710.87072081212,9448.51937141454
209 ,10335.736637846348,10341.030264403844,9815.226594733216,9715.806394966075,9444.943943122944
210 ,10411.39548143873,10283.919674886194,9888.121889682765,9840.305738623267,9438.732881219754
211 ,10684.989437314372,10281.369690005034,9896.100400531037,9637.75433080556,9391.576298465749
212 ,10420.629948872658,10323.739363619912,9718.171503641102,9637.739193504374,9428.211024643295
213 ,10384.996455887429,10220.210631987828,9963.702233920267,9666.60872906191,9398.25235833905
214 ,10350.84413842244,10386.28162397616,9837.094248840873,9797.613262932498,9433.15840397441
215 ,10460.069536612242,10234.253444811962,9873.949624952764,9665.20624679399,9428.19645182999
216 ,10518.070014504576,10218.908967162179,9910.385650145794,9716.823254612042,9392.276639846827
217 ,10554.366394758154,10201.046809855248,9815.885034660969,9732.629536339658,9393.01838173392
218 ,10243.398589408644,10204.338285337455,9936.231358841702,9773.267170953923,9408.97541907661
219 ,10248.660493225407,10380.45145554371,9805.068904616342,9754.524930036985,9412.532320664597
220 ,10373.523337585028,10185.861652626028,9813.65129703442,9662.294594044,9411.259616452373
221 ,10254.114030951374,10067.106415870994,9772.501638729256,9621.80874927076,9426.056769316581
222 ,10318.236837712699,10153.969814957796,9789.043207011784,9764.782605998602,9413.989902616253
223 ,10433.67747124014,10192.231255062776,10040.344671290311,9764.883450182544,9456.46943619809
224 ,10323.371705189613,10142.502793208729,9880.847360471282,9536.404688913695,9395.767266045126
225 ,10228.205543478318,10171.632238336724,9602.82985349617,9586.928183379363,9431.619176766602
226 ,10310.79550352545,10040.519611483409,9763.013729196698,9605.402214088694,9373.10696554544
227 ,10332.98046700951,10035.359214797178,9718.452560120764,9679.317123938323,9373.402082552882
228 ,10262.163803337391,10090.010977982369,9788.860877512789,9617.878284155255,9423.891024707704
229 ,10282.97913657932,10120.0662546307,9757.310767668427,9749.364812788948,9406.26523715764
230 ,10286.174904778518,10096.8202418635,9633.916774885634,9823.055314689695,9380.778677971883
231 ,10254.286484867533,10134.923557966265,9737.497411789906,9647.484986731675,9399.142440254704
232 ,10404.476697978025,10069.371977549796,9699.302422709767,9598.69958199404,9386.001871780943
233 ,10434.529228967349,10246.780942683268,9557.497451557403,9629.466019670028,9410.251782182364
234 ,10133.078561666985,10040.730426638362,9599.678958075598,9551.907032526968,9369.990757798603
235 ,10268.231957234935,10116.73438142615,9613.784118400976,9598.994122239174,9259.265963431848
236 ,10210.4666796431,10145.262094593136,9647.101681102202,9529.829508267832,9351.873220125604
237 ,10306.321975220124,10187.828659612416,9669.816493499437,9670.969945586447,9305.953509280327
238 ,10393.037059921136,10185.839462587091,9780.553178442431,9623.965219364178,9334.240860273465
239 ,10053.062548953867,10138.271257316426,9583.119720998075,9470.683688372797,9340.14879321528
240 ,10138.457873062345,10129.193756191267,9736.384414483675,9482.02166380962,9301.840082162305
241 ,10269.790926565547,10174.455691166972,9704.314691661295,9538.44463130663,9328.014470558595
242 ,10131.899638161089,9973.22403240235,9919.732557009678,9518.68012828069,9384.87500424167
243 ,10164.028952577886,10071.648193579045,9791.22434434855,9608.606814217694,9349.442528708001
244 ,10211.98985977643,10068.284211678232,9695.53280154885,9332.00552955196,9431.71365676084
245 ,10063.298074487784,10088.342365723094,9724.811734274053,9420.69958003426,9377.732280138967
246 ,10132.571873683353,10079.384410389022,9542.297266682437,9539.016692402973,9350.16340463698
247 ,10249.143265078128,10021.026210727512,9737.279385940066,9659.168661946624,9330.071770600196
248 ,10111.37802909234,10080.847231743455,9513.106662228833,9365.698613298495,9358.43080057012
249 ,10188.189206529163,10001.994242488438,9523.028727434563,9320.344106004595,9309.648969708875
250 ,10025.546338298158,10147.975917201593,9508.732478894814,9455.454476890554,9309.36507379685
251 ,9969.987475031667,10055.037287382826,9423.847954454039,9406.31412120068,9344.721591565845
252 ,9994.502145197679,10100.140291981199,9500.428876869948,9456.68748527479,9359.546453989988
253 ,10151.107766879619,9932.923270519155,9502.516885648973,9694.80869196776,9235.466234349207
254 ,10296.617041893813,9961.172321901407,9476.76401963261,9670.070270463271,9321.990440369977
255 ,9912.211621248345,10052.039879323958,9450.69078185288,9451.143638611986,9299.429916144061
256 ,9991.330411909428,9815.939024969419,9461.129636751886,9273.999783662604,9195.304599062863
257 ,10034.079006045316,9945.909423920388,9451.916269005096,9335.979696561708,9188.965767308353
258 ,10005.258143227285,9912.83369662023,9433.740004740603,9377.347893824153,9340.514053366755
259 ,9925.808820016475,9878.333651458435,9373.093392415232,9348.594625972688,9302.133516359014
260 ,9972.583263066716,9833.266110444836,9448.901869116284,9257.039749990685,9127.606082293009
261 ,10031.370403740406,9959.190967926786,9384.472320614133,9382.674107948658,9241.662693440401
262 ,10007.939551623824,9843.781753355008,9429.845148378485,9295.631310544284,9305.369623969653
263 ,9945.36478889521,9942.786756440802,9376.930638301912,9299.416502195916,9185.766125736647
264 ,10001.138069724479,9955.641671506863,9426.041901368748,9372.345331454884,9233.881800185196
265 ,9976.23541255265,9933.51800649809,9494.994869502585,9289.545805641372,9143.863798976661
266 ,9782.78399190761,9974.022702286456,9499.403755093606,9264.996818626105,9176.181426527202
267 ,9843.692382815703,9842.614340620172,9522.810386022618,9460.913557433898,9202.355791069414
268 ,9865.158042436064,9940.116072215718,9323.52166496857,9258.849593245115,9258.566001106581
269 ,9949.658014122331,9999.626314096291,9397.110041800805,9247.015681560337,9216.056309372796
270 ,9904.134507881845,9871.352152721607,9402.042565175443,9434.89067068115,9104.570700911781
271 ,9913.17103336082,9927.36194154317,9304.84898127908,9343.184465861055,9235.423264544832
272 ,9868.65218146009,9940.54622229674,9335.99198105269,9256.700189984034,9332.897377258636
273 ,9799.421728371344,9819.223108792768,9304.685324917487,9274.547246233415,9168.561358109931
274 ,9815.054779887063,9952.241015109421,9341.113623535384,9291.43099923538,9247.348824810555
275 ,9818.1335563184,9884.113313278134,9340.087382326097,9189.090314381285,9049.257516844094
276 ,9777.582517340652,9769.331461624377,9247.284567321834,9185.463056858542,9201.360600920005
277 ,9829.61250706501,9981.699393715757,9468.828814076724,9176.816839328547,9069.268398510121
278 ,9853.404110529324,9956.859886356488,9330.959624915617,9289.578547807472,9150.951845931842
279 ,10027.910980947858,9790.37339302709,9344.505135650636,9264.086886886096,9164.320134656322
280 ,9739.031287656095,9845.510284165166,9313.476253932171,9232.963652396602,9268.307764887883
281 ,9836.306825288604,9775.878912669583,9360.762702874546,9264.956692898064,9162.873739031043
282 ,9566.35682157071,9894.948597634268,9347.85281173864,9195.633102830461,9188.311532427684
283 ,9808.667239963164,9841.06612792003,9301.918263977688,9398.767638379444,9253.325336655369
284 ,9712.733267233229,9902.098050148323,9372.907921643953,9234.464066617464,9284.387040517164
285 ,9728.82827555051,9886.680780170855,9492.478955532764,9228.912750081568,9153.512114013583
286 ,9886.012674703126,9802.45284169535,9302.223152937539,9297.489015609372,9080.066535102771
287 ,9693.912118458633,9875.369327214643,9262.0149694062,9197.401038262326,9152.36909207811
288 ,9656.031539705215,9890.878296164978,9224.1238504275,9338.845587618409,8975.873406545175
289 ,9653.900819606775,9838.587184325674,9300.630803478982,9267.37751560222,9181.378888899979
290 ,9690.749272025852,9800.165748941687,9340.540080285433,9164.728841817783,9051.546468703584
291 ,9599.892366904629,9803.825880680926,9209.322293367773,9194.106253545193,8954.376673423916
292 ,9667.713610066516,9705.699440758237,9384.585886590305,9180.701946692128,9055.084753439634
293 ,9679.186552969293,9901.87392612968,9156.076200573263,9196.875556323952,8947.763356310394
294 ,9609.151688635287,9666.441066272866,9440.399939867477,9143.606138294102,9046.546628480723
295 ,9684.672561005702,9741.32344156373,9225.258541926125,9161.00904513596,9093.507645082887
296 ,9801.780121986936,9761.155094145795,9207.138157707835,9250.599479539223,8982.959292898617
297 ,9604.030370009397,9660.607549091845,9189.87226099815,9159.049816291688,8940.068622828354
298 ,9579.862134336752,9683.334618614454,9249.10524438894,9163.638455321214,8983.745558224247
299 ,9556.72943766878,9691.050857500404,9133.107677062892,9318.116452941807,9170.187149376487
300 ,9608.409148566201,9756.454080644613,9283.225401395492,9195.109097141172,8918.812817639906
301 ,9591.580962558706,9548.30113591953,9156.354420898722,9247.944068777448,8946.780760071602
302 ,9604.813705406648,9852.747149804478,9229.32577380805,9190.07643758307,9225.156707243694
303 ,9467.63699419625,9691.286711369949,9193.360193453893,9190.10080024025,9152.846252573772
304 ,9603.346733598828,9783.25188444922,9284.731707035364,9279.251655206086,8942.474847761672
305 ,9630.548241241757,9769.512006769173,9090.977663885838,9176.665026579429,8990.75427434512
306 ,9549.942477438291,9565.572808811326,9157.670661083104,9135.918174005878,8912.998331155219
307 ,9548.421209605563,9781.797076703815,9158.3495443666,9322.73929206803,9005.417900219421
308 ,9436.64325995324,9575.151333171745,9202.06238193296,9111.739477889822,9026.010008897421
309 ,9587.096265089354,9607.000240261112,9204.819790071067,9173.041596072047,9050.156493458175
310 ,9474.733081532151,9627.81031176085,9055.74934195855,9148.518940421085,8977.667495576152
311 ,9481.985202241169,9768.622379302089,8998.03214580816,9179.380724294839,8900.917820883005
312 ,9441.620705296433,9633.132134114676,9102.80302747544,9138.606109859053,8982.813102312262
313 ,9479.781717945923,9764.856589823356,9142.330666297996,9279.601539960304,8926.28445530003
314 ,9507.018963729915,9660.441645075565,9045.72082252878,9220.512176855878,8859.791606040048
315 ,9403.85053148751,9646.601825165431,8987.047222034606,9203.058325375583,8911.229308966538
316 ,9376.192665803681,9516.906812519379,9207.795437535582,9096.495191968927,8923.815981103926
317 ,9459.476060104686,9622.817352247237,9013.65403564707,9104.826717915084,8907.169494013962
318 ,9316.392068579404,9552.318225381525,9050.083459100202,9139.508956157471,8919.834786449654
319 ,9396.599727819827,9499.947067289957,9065.535409581236,9142.913408262639,9022.878062086971
320 ,9377.77493912124,9423.540638364608,9160.166424036432,9123.762869092989,8887.670890473957
321 ,9299.60610938449,9530.007564256164,8875.29901893428,9236.388049400155,8871.327583694352
322 ,9391.187690215855,9454.880827779605,9079.197139802158,9180.913009373066,8888.78157695585
323 ,9466.43969876146,9537.75538818744,8990.37147697655,9133.528971198088,8904.859448752144
324 ,9296.470721775688,9525.600832820182,9067.497159942399,9160.746830180471,8889.67906720258
325 ,9327.154904614461,9493.807416659862,8972.899998729494,9258.491686039453,8810.06329225806
326 ,9316.060682522273,9510.17444673476,9040.689807347353,9146.582969744697,8912.97239226432
327 ,9445.733960512856,9475.69421722985,8949.589798303368,9296.439428789734,8924.155472249746
328 ,9391.592806113445,9441.127218461992,8959.003485773484,9272.433582385282,8853.438696116971
329 ,9328.443110759357,9517.627315239031,9003.874514370364,9160.218405253812,8793.913616450853
330 ,9288.144810622885,9402.740714635593,9070.220228473687,9125.523199671337,8979.189615628178
331 ,9336.795398188195,9543.438395782985,8950.92574840066,9121.272056321484,8932.570443251388
332 ,9247.93999845817,9613.131501032198,8974.794468455324,9068.350753795863,8854.958569335111
333 ,9199.862075455454,9398.608537701155,8885.071270429582,9187.278860652306,8881.297014326605
334 ,9397.715219609572,9509.722765674147,8888.225548348439,9213.320291976732,8841.515743546988
335 ,9314.567671128792,9482.613414193778,8930.00699401183,9169.962649454706,9061.68196071099
336 ,9370.693007576467,9348.239036291594,8922.647857877022,9081.484334307008,8923.540115632424
337 ,9293.721957774635,9417.714982296155,8985.857612435197,9096.016168670176,9118.889572478627
338 ,9270.173675104836,9375.433006910209,8966.074123265686,9107.089714118227,8876.984802393423
339 ,9313.043419338235,9343.879606630266,8942.683367168596,9068.746739598322,8853.023658814598
340 ,9230.465545163359,9292.368155580423,8987.019944073189,9067.537774798218,8892.78767163403
341 ,9219.040530270995,9332.378398855017,9050.78576379178,9036.527493550364,8958.37658013425
342 ,9164.535058396466,9305.504433321925,8909.007778925175,9060.425363441333,8809.455667256867
343 ,9117.438618084436,9408.812507169774,8875.026314394816,9207.440538407041,8851.380135197021
344 ,9250.14207211455,9341.291292640142,8852.378771699845,9163.645654817961,8874.937398933806
345 ,9126.53688919372,9244.455243083416,8963.820586687123,9094.918842018398,8865.275028773343
346 ,9179.879352591843,9284.237168772179,8874.903305099433,9234.715029959123,8893.62711102484
347 ,9162.69941483055,9256.10972179333,8885.590936576631,9251.176923060086,8850.458522883777
348 ,9160.629198723947,9450.17268872127,8917.387042213035,9012.508478760632,8850.135925424225
349 ,9119.347438072828,9266.017211127288,8848.650854089488,8992.238898368598,8875.041125602484
350 ,9239.386128432812,9369.94826261892,8847.528664732783,9195.074726847872,8956.957396072366
351 ,9131.204918037662,9308.69543423781,8879.44527927018,9095.08431405312,9016.115791798089
352 ,9120.680838571037,9301.306257916249,8872.442938547016,9212.45390114499,8907.694612784866
353 ,9038.691980937072,9222.039872954372,8965.83933117106,9079.132550710547,8847.365604147704
354 ,9136.334341084208,9352.33655162864,8746.230120866454,9140.865261116256,8802.870001081412
355 ,9051.931919007156,9279.37382776817,8947.81010886172,9240.221563050884,8815.26962204306
356 ,9069.169909584007,9205.828224280247,8919.800279925592,9054.636433408918,8841.58377982059
357 ,9082.824117814085,9454.31307462586,8845.502449276395,9109.776196652505,8810.587074790883
358 ,9088.743550531188,9173.114310300569,8765.79103939762,8958.703251550936,8807.043446684327
359 ,8971.93646472351,9218.081051732297,8758.460270455922,9119.084904243477,8809.505245990262
360 ,9073.433870787116,9237.619165757767,8794.305219606907,9035.21301964293,8987.70975089556
361 ,9054.81358150723,9170.012840891775,8749.749727239889,9083.69875402621,8815.181633380522
362 ,9083.127123024698,9258.467076305838,8807.311430385913,9003.821753481532,8776.878409563436
363 ,9026.883270493461,9451.571158613782,9008.133755289176,9145.699642583097,8814.963738650036
364 ,8887.690752286835,9181.406374336639,8821.972598300907,9131.376749295352,8809.426337540192
365 ,9170.839969547382,9176.650080436993,8817.410489581063,8987.697802821343,8906.650644467141
366 ,8917.67966728844,9290.724453357443,8831.506003704297,9077.561159636794,8809.730119398053
367 ,9040.567970198648,9230.88563551724,8737.208754280753,9147.65547089962,8744.672754784542
368 ,8907.44849857455,9122.933468631356,8758.967790892775,9039.851637476633,8779.818232093896
369 ,8872.960072872902,9058.924924931343,8753.08084514217,9077.674502162818,8728.083418764585
370 ,8968.834219140417,9186.882986504474,8674.455557446821,9036.511691376996,8829.904375548314
371 ,8880.845147666236,9034.399989746547,8756.747937630531,9138.268299695343,8722.759662122091
372 ,8788.87594946911,9029.638262568082,8720.137993885195,9016.855792175002,8724.931597287487
373 ,8954.381073105733,9102.202212010483,8755.822795668268,8974.052054530384,8767.616365073529
374 ,8924.08478078493,9051.42742711668,8792.250190504139,8985.842726319026,8813.59907999076
375 ,8927.309465567765,8995.995147688656,8703.673021026563,9080.470897092342,8747.50401219131
376 ,8911.075701778234,8930.742412972122,8712.415955664439,8982.277369882337,8754.851641276287
377 ,8814.322009182055,9034.435024752285,8816.094079523862,8985.004046917524,8848.625974265753
378 ,8964.768008258949,9131.366809133386,8671.81447345382,8931.1748116505,8751.643685746569
379 ,8862.052599569748,9065.797281608115,8742.853912009092,9115.294572560013,8747.674887828778
380 ,8876.787344060496,9015.680262150161,8647.052163763818,9118.138789323028,8688.881803101654
381 ,8919.302802746872,9043.933100429726,8734.402303450051,8968.007648138422,8789.055737722623
382 ,8846.547981066144,8938.84379422644,8658.448552322028,9073.622141484077,8858.523035427846
383 ,8897.980950477457,9021.938914893562,8728.501238843615,8978.107454490264,8803.793436471906
384 ,8910.331761323583,8850.140733698376,8733.425234546918,9131.508765050023,8736.399909117987
385 ,8916.703825723216,8998.357862087043,8678.271854519684,8998.81413463365,8735.79335059575
386 ,8716.09134540749,8968.847545344443,8647.013644415938,9022.268968002663,8918.936475202765
387 ,8789.768023405044,8925.773482169641,8682.466836759024,9069.36660105551,8704.558804801887
388 ,8797.048774696661,8848.60924443154,8536.521439440927,9067.07886634292,8703.526639016476
389 ,8655.60932794743,8901.487775055362,8601.263152815192,8986.817933026376,8776.934650252218
390 ,8883.33605833318,8921.731090059919,8555.942649782091,9160.09841315656,8818.168375145486
391 ,8831.358533096525,9009.955517927832,8597.432576928073,8974.176724843259,8959.769374701591
392 ,8698.479078158762,8885.490770166844,8642.512091020828,9060.13424915282,8775.959472652168
393 ,8636.02361359792,8874.085876770958,8704.524678744467,8988.717010820343,8686.491397573769
394 ,8833.395234465805,8828.664992182548,8460.957956736278,8975.926464115588,8736.74929592316
395 ,8578.757061687651,8724.933352778009,8457.249628743974,9123.734272600099,8747.630566885304
396 ,8777.766475947585,8874.069516183448,8451.230415352999,9204.833827727729,8690.690870654456
397 ,8790.114342589502,8821.349840754858,8461.270204401411,9090.45774630225,8779.73261735324
398 ,8621.61100551312,8792.807862231899,8510.61873965892,8846.62148907581,8726.28441108541
399 ,8665.967878420708,8687.701340406442,8472.735574235558,9038.01114844104,8688.10414245492
400 ,8730.876513469057,8926.144314625026,8500.379338440007,8913.083335896474,8670.269335989136
401 ,8623.047222100415,8708.02144027086,8429.477190669488,8906.071880621228,8694.996360123423
402 ,8539.97444452104,8735.248562371758,8396.653965255568,8936.255005872772,8940.899212353812
403 ,8533.934609692738,8767.944148557906,8437.071723026536,8997.281695430012,9048.607184454151
404 ,8650.728986541078,8854.898715062689,8520.77433074959,9225.152134897364,8806.180280027003
405 ,8609.11418812608,8785.717867436104,8422.423222180263,9034.45319151306,8817.60584236447
406 ,8575.38670046251,8678.841203300615,8450.939479787814,8946.79555082272,8841.954899799026
407 ,8531.48793435646,8787.969493844277,8496.758030317125,9046.644352839796,8788.144358979638
408 ,8474.140887558502,8738.953595914858,8472.112554768499,9009.626997909249,8894.799356069212
409 ,8493.887264809828,8815.866015379936,8420.220164282251,8995.126387220276,8693.98708289797
410 ,8462.146339398561,8695.301145440586,8444.528872884244,9089.621740250033,8800.50420678074
411 ,8413.088291554468,8687.332894541854,8358.816043356503,9000.291958836882,8846.199600123862
412 ,8468.524675669349,8753.395756531645,8568.20669513563,9229.551655568463,8734.57783475055
413 ,8466.10050928235,8573.106519793175,8452.525004444418,8873.8994969233,8773.651144791154
414 ,8555.893036987089,8584.240311491789,8358.205791972116,9031.342363819143,8665.536599132654
415 ,8454.727152962765,8683.859348012711,8340.160212823337,9023.966648126348,8772.527293558998
416 ,8434.204226220456,8634.558372051564,8326.437909740025,9056.00108906854,8771.709571474586
417 ,8448.64880488315,8652.136864430733,8341.538030986012,9084.882723900728,8797.392692559655
418 ,8489.662995976016,8583.89537218844,8341.373109084392,8955.593904661813,9078.333790964807
419 ,8502.518384666566,8566.78292560968,8331.75072408097,8954.487670639655,8911.047527853834
420 ,8302.537757026155,8493.75215418348,8369.50363383592,8959.005358876928,8750.787326198897
421 ,8352.077346777965,8483.649997579952,8386.138663668884,8921.485838294291,8701.027758176602
422 ,8330.063859990823,8670.656778297838,8318.14687865126,8936.18200723706,8807.103700727268
423 ,8376.243126784251,8564.841519936163,8370.8073592214,8912.467448187448,8712.893342951978
424 ,8319.561818135247,8403.22622707321,8447.228575075424,8821.809430810836,8691.253737181642
425 ,8351.141335652448,8485.193682258976,8499.178484025086,8847.38158052027,8728.798909119561
426 ,8302.78369457517,8512.77920243414,8310.208018240528,9095.928275904838,8688.691362129166
427 ,8242.824355995896,8478.130313105314,8284.57049838355,8935.67798538542,8727.604615595794
428 ,8221.578299776615,8446.336630039816,8330.367870748765,8889.771199187544,8859.12262283004
429 ,8399.022223615662,8321.985434028853,8366.220923322791,8852.201147172404,8802.704280432323
430 ,8418.572575038821,8405.240759084936,8344.974492579804,9165.78129631994,8833.85650916653
431 ,8341.462942210697,8452.859057993368,8270.037572441093,9087.607172637341,8811.840872245897
432 ,8257.884208568858,8345.800347052591,8417.871136756894,8979.309447794818,8710.771470574153
433 ,8185.45020838567,8253.575841988986,8296.911507531726,9122.619890650001,8700.6499192227
434 ,8249.195314657147,8400.71875754992,8258.682817523404,8925.429017960661,8702.832945998554
435 ,8259.09113912329,8469.58484374486,8285.53856643939,8893.474451423539,9001.209261082839
436 ,8324.27922972274,8375.640261912176,8296.31720178397,8971.043484492724,8948.365501321809
437 ,8329.256059635967,8390.765401908488,8232.919153113233,8941.107641931518,8697.847294391755
438 ,8182.744176483232,8398.60717542138,8345.420412894213,8723.169567835901,8639.622230967176
439 ,8253.55407710948,8216.403401484355,8336.536266532605,8802.870624481915,8801.307999006585
440 ,8246.018373996862,8181.271085348726,8267.614722617995,9128.767490140923,8656.06122496753
441 ,8150.395661181431,8359.202461215082,8264.769599091273,8995.537374703701,8643.053026295442
442 ,8219.042769603422,8331.53196265331,8306.549742193562,8767.316913045428,8699.843482231912
443 ,8306.629438107168,8339.811552225015,8250.574244784637,9002.155191727463,8667.223601438529
444 ,8200.322875974318,8265.993985949028,8239.61750955662,9143.47356496876,8702.03135712083
445 ,8062.992426760501,8346.008464981787,8243.9434867487,9003.054550534654,8762.379370220844
446 ,8101.748897746623,8274.889646305388,8262.260628051084,8963.23366828687,8757.978950747334
447 ,8161.0522122802,8229.502655021399,8388.962670616143,8928.879777424345,8703.794504941141
448 ,8168.259557487082,8271.15711338066,8206.885891172984,8817.343407587889,8846.77689270321
449 ,8207.152622471847,8330.926774331068,8251.148022319681,8921.5082024682,8849.807892714853
450 ,8122.432920835869,8185.883182828712,8212.600636880814,9147.68197339329,8723.459506388985
451 ,8153.795463390096,8237.561090104578,8244.800386072247,8952.636873806105,8891.853773038229
452 ,8152.844819068326,8221.049239375989,8150.655611534305,8949.012116288523,8717.078636541899
453 ,8096.61948198533,8198.166014110087,8216.024382806165,8970.737050053953,8737.771025023967
454 ,8153.598977178225,8121.016590101495,8250.030908605095,9161.109223978994,8767.555074089016
455 ,8131.50667004586,8152.092816620308,8220.991622962658,9168.00900131548,8725.010301517315
456 ,8147.49698441912,8241.514703035089,8189.1075480941845,8985.498723232853,8706.387857895323
457 ,8070.652085814601,8282.52361931975,8151.195285470341,8822.345674798164,8664.350262530537
458 ,8125.7833667387595,8230.729704171223,8136.239597793277,9115.539937681135,8609.240223667985
459 ,8068.615526881426,8156.375998175029,8290.959876267916,8996.372733857732,8659.964844444963
460 ,8114.643607510076,8051.264337123031,8214.552985115479,9000.759571060857,8725.927073395627
461 ,8255.90779961103,8153.708518981317,8204.471321291747,9190.029617386212,8817.194451253017
462 ,8083.8023634070505,8174.240222712259,8100.635062261559,8842.868214402382,8778.013217423291
463 ,7967.664055491519,8222.228985048878,8142.637525845067,8913.94380025815,8637.450389105705
464 ,8012.6535110503455,8167.898824909914,8275.425335337513,8872.267672333799,8743.894926924833
465 ,8084.120302719574,8108.469191872755,8365.59897887607,9179.131140609195,8715.075529551337
466 ,8124.880949988,8075.016603637405,8231.417958374304,8983.685662421954,8795.163442951995
467 ,7880.930258192381,8118.203197274113,8098.951037837617,8974.91698663087,8668.207128547532
468 ,7988.598965926189,8143.656532354339,8160.768433504708,8821.245350686082,8662.876563876445
469 ,8043.5322380402295,8097.833838731074,8142.228188586449,8902.658806066658,8616.066265684716
470 ,7952.771761943368,8068.575623392206,8123.782837602014,9105.073466369218,8771.454519882287
471 ,7967.4788271426905,8115.889471945946,8162.926113439959,8968.985736300734,8724.630101009492
472 ,7999.742850603641,8147.784480833116,8134.848871293832,8859.750957798602,8735.372132520983
473 ,7887.4279258249735,8063.619393130889,8184.937258309567,8844.30381598616,8681.13258516601
474 ,8094.74958186602,8024.23221484844,8069.13761665505,9121.54778183054,8643.906275096699
475 ,7841.5320555364815,7947.813059042387,8190.405064199361,9040.66330318014,8634.085907938883
476 ,7798.094283528075,8093.092443355013,8085.07692019217,8823.058973953295,8646.030786620393
477 ,7837.977537100452,7996.10325547795,8214.189968452063,8976.675801579264,8808.239302840893
478 ,7898.357170199865,8090.663832614613,8028.622697027141,8932.722318398954,8727.969523206617
479 ,7891.7019064072365,8064.573408110849,8020.311462673899,8897.511902839064,8960.095380482013
480 ,7858.2829972348945,7943.823324809719,8081.347522573977,9172.417345176304,8626.566200602067
481 ,7964.729409721199,8023.47254610218,8178.929082995446,8990.752164128735,8919.37587459382
482 ,7782.960025883723,7995.5944740914465,8307.489823811873,9075.89330669263,8644.076090263556
483 ,8082.718189636289,8065.536321887153,8026.620497858923,8949.30963702448,8731.901655570047
484 ,7787.992656177906,7903.6146411939,8083.72396232244,8975.073743167644,8830.527421621218
485 ,7775.532230433146,7965.521900492169,8157.827430159042,8846.794594973346,8597.282971155508
486 ,7741.38481798346,8033.722386642492,8300.841881526783,8894.999198245487,8749.265775565542
487 ,7855.598400098421,7964.022687250206,8059.847381118706,8779.554638430789,8738.952480330485
488 ,7743.977710504874,8002.405040305119,8107.333552612586,9004.598081806524,8792.407134201305
489 ,7741.889170799046,7984.329194779969,8211.658227351947,8895.913472139744,8812.167900083585
490 ,7797.690482952407,7902.876258700216,8047.113510441261,8897.84435610962,8974.79691099762
491 ,7843.42649738306,7945.5767711133685,8005.741734295809,8787.60315924367,8930.522094613447
492 ,7755.581959614335,7928.543507881006,8155.706511299893,8908.946558347958,8644.941099708903
493 ,7747.754776289101,7992.921342181106,8070.182614669901,9049.993751543901,8634.798527780094
494 ,7670.099254410442,7975.929586888036,7983.845951828503,9051.960928646029,8637.066651339674
495 ,7840.018403675661,8015.25022648252,8221.292146828368,8892.35372994136,8745.963620495013
496 ,7825.481481247845,8105.573202073047,8027.983075126029,9003.421352552461,8757.82247941224
497 ,7786.779040874857,7814.59598944868,8058.307391493621,9075.230360879297,8659.319201423814
498 ,7654.513235173837,7987.496317728142,8058.898286068121,8859.7577988983,8640.707610342093
499 ,7637.183033261126,7934.054186487921,8128.259643671952,8851.780945391663,8684.185417028177